position,csinet_w8,csinet_w4,csinet_w2
0.000000000000000000e+00,2.058881727862171829e-05,3.002868033945560455e-04,1.373801380395889282e-03
1.000000000000000000e+00,2.808118188113439828e-05,4.411729169078171253e-04,1.057544955983757973e-03
2.000000000000000000e+00,3.647332414402626455e-05,5.422441172413527966e-04,1.493052695877850056e-03
3.000000000000000000e+00,4.540800000540912151e-05,6.541736656799912453e-04,2.055772813037037849e-03
4.000000000000000000e+00,5.730268458137288690e-05,8.323549991473555565e-04,3.092588623985648155e-03
5.000000000000000000e+00,6.218822818482294679e-05,8.630987140350043774e-04,3.326091216877102852e-03
6.000000000000000000e+00,7.417595770675688982e-05,1.050631632097065449e-03,4.145428538322448730e-03
7.000000000000000000e+00,8.737620373722165823e-05,1.314157270826399326e-03,4.736574832350015640e-03
8.000000000000000000e+00,1.193718999275006354e-04,1.590288826264441013e-03,6.347841117531061172e-03
9.000000000000000000e+00,1.579433155711740255e-04,2.100395970046520233e-03,8.829954080283641815e-03
1.000000000000000000e+01,1.926707336679100990e-04,2.719791606068611145e-03,1.211233250796794891e-02
1.100000000000000000e+01,2.557989791966974735e-04,3.466357709839940071e-03,1.551164872944355011e-02
1.200000000000000000e+01,3.005379403475672007e-04,4.043931607156991959e-03,2.082677930593490601e-02
1.300000000000000000e+01,3.499836020637303591e-04,4.840918350964784622e-03,2.516874298453330994e-02
1.400000000000000000e+01,3.644924145191907883e-04,5.008599720895290375e-03,2.707900665700435638e-02
1.500000000000000000e+01,3.502201579976826906e-04,5.199276842176914215e-03,2.748964726924896240e-02
1.600000000000000000e+01,2.971867506857961416e-04,4.365115426480770111e-03,2.282911539077758789e-02
1.700000000000000000e+01,2.487104793544858694e-04,3.514626994729042053e-03,1.979628764092922211e-02
1.800000000000000000e+01,1.969913864741101861e-04,2.723248675465583801e-03,1.434773672372102737e-02
1.900000000000000000e+01,1.483282394474372268e-04,2.313112607225775719e-03,1.190111413598060608e-02
2.000000000000000000e+01,1.295618567382916808e-04,1.872671651653945446e-03,9.701310656964778900e-03
2.100000000000000000e+01,1.114374972530640662e-04,1.594376168213784695e-03,7.226451765745878220e-03
2.200000000000000000e+01,9.427945769857615232e-05,1.342617324553430080e-03,5.974725820124149323e-03
2.300000000000000000e+01,8.546165918232873082e-05,1.233454560860991478e-03,5.434777587652206421e-03
2.400000000000000000e+01,7.948489655973389745e-05,1.102647162042558193e-03,4.900679923593997955e-03
2.500000000000000000e+01,7.226148591144010425e-05,1.036403351463377476e-03,4.442240111529827118e-03
2.600000000000000000e+01,6.202774966368451715e-05,9.827273897826671600e-04,4.283152520656585693e-03
2.700000000000000000e+01,6.266504351515322924e-05,9.162381757050752640e-04,4.215917084366083145e-03
2.800000000000000000e+01,6.184386438690125942e-05,8.310167468152940273e-04,3.792611416429281235e-03
2.900000000000000000e+01,5.831965609104372561e-05,8.079368271864950657e-04,3.666648408398032188e-03
3.000000000000000000e+01,5.863501792191527784e-05,8.103960426524281502e-04,3.716221312060952187e-03
3.100000000000000000e+01,4.250163692631758749e-05,5.913325003348290920e-04,3.390173660591244698e-03
3.200000000000000000e+01,2.098036748066078871e-05,4.517765773925930262e-04,1.379714347422122955e-03
3.300000000000000000e+01,3.183515218552201986e-05,5.986387259326875210e-04,1.342576462775468826e-03
3.400000000000000000e+01,4.036906102555803955e-05,7.487219991162419319e-04,1.862462260760366917e-03
3.500000000000000000e+01,4.439632539288140833e-05,8.668914088048040867e-04,2.481581876054406166e-03
3.600000000000000000e+01,5.708891694666817784e-05,1.109004602767527103e-03,3.316906979307532310e-03
3.700000000000000000e+01,6.757870869478210807e-05,1.254024449735879898e-03,3.831000765785574913e-03
3.800000000000000000e+01,7.495043973904103041e-05,1.452356576919555664e-03,4.230555146932601929e-03
3.900000000000000000e+01,9.532801777822896838e-05,1.757663325406610966e-03,5.444443784654140472e-03
4.000000000000000000e+01,1.152722397819161415e-04,2.285671187564730644e-03,7.397477515041828156e-03
4.100000000000000000e+01,1.631611521588638425e-04,2.979123033583164215e-03,1.056561805307865143e-02
4.200000000000000000e+01,2.121057914337143302e-04,3.848654916509985924e-03,1.417518220841884613e-02
4.300000000000000000e+01,2.705772349145263433e-04,5.032905377447605133e-03,1.924445480108261108e-02
4.400000000000000000e+01,3.102512273471802473e-04,5.694874562323093414e-03,2.354270219802856445e-02
4.500000000000000000e+01,3.721136017702519894e-04,6.918443366885185242e-03,2.816415205597877502e-02
4.600000000000000000e+01,3.898447321262210608e-04,6.892984732985496521e-03,2.929356880486011505e-02
4.700000000000000000e+01,3.796085657086223364e-04,6.790757179260253906e-03,2.832334302365779877e-02
4.800000000000000000e+01,3.367000608704984188e-04,5.761588457971811295e-03,2.386805228888988495e-02
4.900000000000000000e+01,2.800573711283504963e-04,4.646307788789272308e-03,1.781107299029827118e-02
5.000000000000000000e+01,2.200200542574748397e-04,3.695585532113909721e-03,1.498782541602849960e-02
5.100000000000000000e+01,1.789143425412476063e-04,3.010682528838515282e-03,1.185270491987466812e-02
5.200000000000000000e+01,1.496706681791692972e-04,2.593282377347350121e-03,9.725545533001422882e-03
5.300000000000000000e+01,1.221784332301467657e-04,2.131294459104537964e-03,7.971240207552909851e-03
5.400000000000000000e+01,1.082847593352198601e-04,1.810323446989059448e-03,6.638403050601482391e-03
5.500000000000000000e+01,9.466172195971012115e-05,1.632388215512037277e-03,6.085887085646390915e-03
5.600000000000000000e+01,8.705589425517246127e-05,1.556530594825744629e-03,5.542690400034189224e-03
5.700000000000000000e+01,7.919962081359699368e-05,1.429779105819761753e-03,5.063215736299753189e-03
5.800000000000000000e+01,7.498225750168785453e-05,1.317768706940114498e-03,4.430571570992469788e-03
5.900000000000000000e+01,7.060002826619893312e-05,1.213322277180850506e-03,4.405328072607517242e-03
6.000000000000000000e+01,6.895785918459296227e-05,1.204489613883197308e-03,4.259608220309019089e-03
6.100000000000000000e+01,6.425954052247107029e-05,1.143654226325452328e-03,3.805524669587612152e-03
6.200000000000000000e+01,6.498148286482319236e-05,1.127262366935610771e-03,4.139876458793878555e-03
6.300000000000000000e+01,4.694596282206475735e-05,7.400368922390043736e-04,3.176257712766528130e-03
6.400000000000000000e+01,1.755109224177431315e-05,3.690728044603019953e-04,1.097378786653280258e-03
6.500000000000000000e+01,2.615119592519477010e-05,4.983093240298330784e-04,9.882090380415320396e-04
6.600000000000000000e+01,3.237661076127551496e-05,5.821873201057314873e-04,1.416323590092360973e-03
6.700000000000000000e+01,3.766439840546809137e-05,6.707305437885224819e-04,1.677360269241034985e-03
6.800000000000000000e+01,4.454949157661758363e-05,7.920603384263813496e-04,2.135674236342310905e-03
6.900000000000000000e+01,5.194843470235355198e-05,1.008148887194693089e-03,2.626654226332902908e-03
7.000000000000000000e+01,5.933249485678970814e-05,1.116785220801830292e-03,3.230272093787789345e-03
7.100000000000000000e+01,7.431263657053932548e-05,1.423546811565756798e-03,3.868779400363564491e-03
7.200000000000000000e+01,1.018954426399432123e-04,1.889291335828602314e-03,5.771504715085029602e-03
7.300000000000000000e+01,1.351225364487618208e-04,2.402196172624826431e-03,7.923551835119724274e-03
7.400000000000000000e+01,1.846353698056191206e-04,3.140573855489492416e-03,1.149917207658290863e-02
7.500000000000000000e+01,2.312146243639290333e-04,4.006118047982454300e-03,1.504132524132728577e-02
7.600000000000000000e+01,2.673949638847261667e-04,4.413273651152849197e-03,1.823633164167404175e-02
7.700000000000000000e+01,3.055908891838043928e-04,5.087723955512046814e-03,2.113744430243968964e-02
7.800000000000000000e+01,3.206151304766535759e-04,5.224278662353754044e-03,2.280789054930210114e-02
7.900000000000000000e+01,3.166294191032648087e-04,5.046709906309843063e-03,2.290222607553005219e-02
8.000000000000000000e+01,2.779845381155610085e-04,4.317865706980228424e-03,1.799703016877174377e-02
8.100000000000000000e+01,2.142448356607928872e-04,3.582244738936424255e-03,1.386557705700397491e-02
8.200000000000000000e+01,1.790917885955423117e-04,2.855210565030574799e-03,1.125639490783214569e-02
8.300000000000000000e+01,1.471282012062147260e-04,2.258011372759938240e-03,8.231105282902717590e-03
8.400000000000000000e+01,1.138540028478018939e-04,1.905581448227167130e-03,7.206616923213005066e-03
8.500000000000000000e+01,9.361728734802454710e-05,1.578865689225494862e-03,5.646646022796630859e-03
8.600000000000000000e+01,7.854701107135042548e-05,1.289975945837795734e-03,4.797891713678836823e-03
8.700000000000000000e+01,7.079170609358698130e-05,1.178892212919890881e-03,4.242687020450830460e-03
8.800000000000000000e+01,6.129872053861618042e-05,1.046480960212647915e-03,3.420347813516855240e-03
8.900000000000000000e+01,5.707144737243652344e-05,9.557374287396669388e-04,3.317930037155747414e-03
9.000000000000000000e+01,5.173115278012119234e-05,8.955979719758033752e-04,3.021498210728168488e-03
9.100000000000000000e+01,5.246521322987973690e-05,8.666164358146488667e-04,3.065457800403237343e-03
9.200000000000000000e+01,5.069579492555931211e-05,8.671770337969064713e-04,2.833908423781394958e-03
9.300000000000000000e+01,4.913687371299602091e-05,7.953164167702198029e-04,2.719966694712638855e-03
9.400000000000000000e+01,4.586621435009874403e-05,7.720940629951655865e-04,2.658401383087038994e-03
9.500000000000000000e+01,3.279605880379676819e-05,4.942496307194232941e-04,2.095127711072564125e-03
9.600000000000000000e+01,1.644139956624712795e-05,3.248100983910262585e-04,1.023621298372745514e-03
9.700000000000000000e+01,2.322685213584918529e-05,4.233593936078250408e-04,9.214714518748223782e-04
9.800000000000000000e+01,2.854418380593415350e-05,5.135355750098824501e-04,1.207625144161283970e-03
9.900000000000000000e+01,3.436425322433933616e-05,5.834000185132026672e-04,1.504207379184663296e-03
1.000000000000000000e+02,3.992315032519400120e-05,7.123991381376981735e-04,1.918322173878550529e-03
1.010000000000000000e+02,4.789580998476594687e-05,8.457200601696968079e-04,2.332118107005953789e-03
1.020000000000000000e+02,5.520554987015202641e-05,9.837909601628780365e-04,2.444259589537978172e-03
1.030000000000000000e+02,7.038663898129016161e-05,1.226172666065394878e-03,3.351887222379446030e-03
1.040000000000000000e+02,8.992939547169953585e-05,1.685941009782254696e-03,5.142600275576114655e-03
1.050000000000000000e+02,1.337556604994460940e-04,2.246507210657000542e-03,7.960714399814605713e-03
1.060000000000000000e+02,1.750711962813511491e-04,2.822035690769553185e-03,1.128548569977283478e-02
1.070000000000000000e+02,2.091936621582135558e-04,3.426135750487446785e-03,1.481701619923114777e-02
1.080000000000000000e+02,2.412943722447380424e-04,4.306999500840902328e-03,1.737577468156814575e-02
1.090000000000000000e+02,2.856154751498252153e-04,4.878814797848463058e-03,2.061244659125804901e-02
1.100000000000000000e+02,2.990480861626565456e-04,5.022400524467229843e-03,2.114444598555564880e-02
1.110000000000000000e+02,2.998171548824757338e-04,4.810044541954994202e-03,2.095931395888328552e-02
1.120000000000000000e+02,2.642548060975968838e-04,4.155886825174093246e-03,1.768031343817710876e-02
1.130000000000000000e+02,2.111461217282339931e-04,3.267982043325901031e-03,1.365283317863941193e-02
1.140000000000000000e+02,1.642357965465635061e-04,2.605386078357696533e-03,1.047682110220193863e-02
1.150000000000000000e+02,1.239109406014904380e-04,2.139196731150150299e-03,8.646394126117229462e-03
1.160000000000000000e+02,1.020908239297568798e-04,1.654438092373311520e-03,6.481852382421493530e-03
1.170000000000000000e+02,8.625936607131734490e-05,1.423152978532016277e-03,4.934730473905801773e-03
1.180000000000000000e+02,7.045490201562643051e-05,1.193058327771723270e-03,4.382925573736429214e-03
1.190000000000000000e+02,6.172779831103980541e-05,1.077915891073644161e-03,3.627421800047159195e-03
1.200000000000000000e+02,5.883712219656445086e-05,9.477994753979146481e-04,3.078143345192074776e-03
1.210000000000000000e+02,5.231484465184621513e-05,8.627931238152086735e-04,2.762196119874715805e-03
1.220000000000000000e+02,4.923494634567759931e-05,8.589023491367697716e-04,2.792809624224901199e-03
1.230000000000000000e+02,4.750907464767806232e-05,8.306488743983209133e-04,2.879796782508492470e-03
1.240000000000000000e+02,4.486053876462392509e-05,7.853026036173105240e-04,2.712578279897570610e-03
1.250000000000000000e+02,4.352297037257812917e-05,7.257774705067276955e-04,2.729546511545777321e-03
1.260000000000000000e+02,4.102191815036348999e-05,6.823333678767085075e-04,2.477025613188743591e-03
1.270000000000000000e+02,3.018098323082085699e-05,4.441975324880331755e-04,2.008564304560422897e-03
1.280000000000000000e+02,1.583137236593756825e-05,3.171557327732443810e-04,9.836262324824929237e-04
1.290000000000000000e+02,2.268974094477016479e-05,4.223292635288089514e-04,8.895462960936129093e-04
1.300000000000000000e+02,2.777660120045766234e-05,5.005698767490684986e-04,1.160075538791716099e-03
1.310000000000000000e+02,3.320567338960245252e-05,5.805969703942537308e-04,1.542031299322843552e-03
1.320000000000000000e+02,3.841269426629878581e-05,7.006492232903838158e-04,1.752173062413930893e-03
1.330000000000000000e+02,4.671216083806939423e-05,8.416697382926940918e-04,2.265988383442163467e-03
1.340000000000000000e+02,5.627125210594385862e-05,9.620947530493140221e-04,2.890900708734989166e-03
1.350000000000000000e+02,6.691648013656958938e-05,1.225619227625429630e-03,3.709678538143634796e-03
1.360000000000000000e+02,9.169324039248749614e-05,1.648555858992040157e-03,5.497195757925510406e-03
1.370000000000000000e+02,1.297955896006897092e-04,2.320903353393077850e-03,8.743166923522949219e-03
1.380000000000000000e+02,1.725539768813177943e-04,2.945036860182881355e-03,1.098133902996778488e-02
1.390000000000000000e+02,1.997571234824135900e-04,3.498892299830913544e-03,1.406925078481435776e-02
1.400000000000000000e+02,2.333715674467384815e-04,3.979181405156850815e-03,1.698824763298034668e-02
1.410000000000000000e+02,2.690358960535377264e-04,4.673870746046304703e-03,1.914266869425773621e-02
1.420000000000000000e+02,2.876451471820473671e-04,4.663756117224693298e-03,1.954542659223079681e-02
1.430000000000000000e+02,2.933283685706555843e-04,4.771315492689609528e-03,2.070816233754158020e-02
1.440000000000000000e+02,2.616694837342947721e-04,3.977937158197164536e-03,1.686048135161399841e-02
1.450000000000000000e+02,2.050906332442536950e-04,3.339983988553285599e-03,1.390069071203470230e-02
1.460000000000000000e+02,1.495878532296046615e-04,2.602449618279933929e-03,1.059844717383384705e-02
1.470000000000000000e+02,1.249057240784168243e-04,1.939084730111062527e-03,7.903424091637134552e-03
1.480000000000000000e+02,9.915400005411356688e-05,1.560544595122337341e-03,6.051010917872190475e-03
1.490000000000000000e+02,8.083692227955907583e-05,1.358329667709767818e-03,4.804285243153572083e-03
1.500000000000000000e+02,7.180666580097749829e-05,1.193718635477125645e-03,4.154209047555923462e-03
1.510000000000000000e+02,6.319156091194599867e-05,1.010700128972530365e-03,3.579231677576899529e-03
1.520000000000000000e+02,5.779921048087999225e-05,9.133918792940676212e-04,3.035585861653089523e-03
1.530000000000000000e+02,5.213674376136623323e-05,8.741463534533977509e-04,2.899606944993138313e-03
1.540000000000000000e+02,4.930666909785941243e-05,8.315260638482868671e-04,2.618946367874741554e-03
1.550000000000000000e+02,4.770577652379870415e-05,7.626614533364772797e-04,2.719146665185689926e-03
1.560000000000000000e+02,4.619160245056264102e-05,7.352423854172229767e-04,2.675954019650816917e-03
1.570000000000000000e+02,4.058019840158522129e-05,7.064533419907093048e-04,2.522891387343406677e-03
1.580000000000000000e+02,4.129716398892924190e-05,6.415043026208877563e-04,2.332550706341862679e-03
1.590000000000000000e+02,3.016492155438754708e-05,4.256612155586481094e-04,2.048935042694211006e-03
1.600000000000000000e+02,1.553558468003757298e-05,3.040342417079955339e-04,9.269198635593056679e-04
1.610000000000000000e+02,2.265979310323018581e-05,3.924726042896509171e-04,8.480179822072386742e-04
1.620000000000000000e+02,2.631336428748909384e-05,4.803276970051229000e-04,1.097437692806124687e-03
1.630000000000000000e+02,3.177367398166097701e-05,5.608955398201942444e-04,1.407027128152549267e-03
1.640000000000000000e+02,3.763291169889271259e-05,6.721731042489409447e-04,1.732989796437323093e-03
1.650000000000000000e+02,4.612282282323576510e-05,7.676754030399024487e-04,2.124561229720711708e-03
1.660000000000000000e+02,5.146623152540996671e-05,9.418020490556955338e-04,2.681890269741415977e-03
1.670000000000000000e+02,6.617051258217543364e-05,1.170774572528898716e-03,3.614878049120306969e-03
1.680000000000000000e+02,9.213743760483339429e-05,1.545709674246609211e-03,5.080477334558963776e-03
1.690000000000000000e+02,1.228272158186882734e-04,2.064524218440055847e-03,7.434345316141843796e-03
1.700000000000000000e+02,1.544150727568194270e-04,2.695577917620539665e-03,9.572116658091545105e-03
1.710000000000000000e+02,1.990446908166632056e-04,3.446344984695315361e-03,1.288995891809463501e-02
1.720000000000000000e+02,2.242908958578482270e-04,3.786511719226837158e-03,1.495452877134084702e-02
1.730000000000000000e+02,2.651713148225098848e-04,4.497591871768236160e-03,1.810355111956596375e-02
1.740000000000000000e+02,2.868025330826640129e-04,4.646855406463146210e-03,2.016120590269565582e-02
1.750000000000000000e+02,2.811535377986729145e-04,4.582066554576158524e-03,2.073282748460769653e-02
1.760000000000000000e+02,2.492099301889538765e-04,4.023620393127202988e-03,1.614517159759998322e-02
1.770000000000000000e+02,2.074236399494111538e-04,3.357709385454654694e-03,1.394686475396156311e-02
1.780000000000000000e+02,1.581997639732435346e-04,2.421686891466379166e-03,9.957436472177505493e-03
1.790000000000000000e+02,1.221434358740225434e-04,1.978003652766346931e-03,7.474946323782205582e-03
1.800000000000000000e+02,9.238332859240472317e-05,1.520193764008581638e-03,5.451483651995658875e-03
1.810000000000000000e+02,8.032345795072615147e-05,1.243158592842519283e-03,4.351894371211528778e-03
1.820000000000000000e+02,6.980209582252427936e-05,1.065947348251938820e-03,3.859530668705701828e-03
1.830000000000000000e+02,6.206524267327040434e-05,9.743624832481145859e-04,3.417790634557604790e-03
1.840000000000000000e+02,5.430768578662537038e-05,9.264373220503330231e-04,3.083426039665937424e-03
1.850000000000000000e+02,4.944723332300782204e-05,7.611479959450662136e-04,2.912937896326184273e-03
1.860000000000000000e+02,4.818776505999267101e-05,7.712187361903488636e-04,2.510871505364775658e-03
1.870000000000000000e+02,4.388964953250251710e-05,6.986505468375980854e-04,2.339857630431652069e-03
1.880000000000000000e+02,4.114402327104471624e-05,7.058376795612275600e-04,2.660761354491114616e-03
1.890000000000000000e+02,3.750944597413763404e-05,6.605801172554492950e-04,2.215660410001873970e-03
1.900000000000000000e+02,3.872207526001147926e-05,6.208746926859021187e-04,2.134431619197130203e-03
1.910000000000000000e+02,2.880760075640864670e-05,4.054756718687713146e-04,2.048632595688104630e-03
1.920000000000000000e+02,1.437171158613637090e-05,2.904980210587382317e-04,8.889740565791726112e-04
1.930000000000000000e+02,2.123525337083265185e-05,3.867185732815414667e-04,9.049279615283012390e-04
1.940000000000000000e+02,2.625203342176973820e-05,4.598589439410716295e-04,1.105367671698331833e-03
1.950000000000000000e+02,3.042273965547792614e-05,5.588942440226674080e-04,1.503060455434024334e-03
1.960000000000000000e+02,3.748614108189940453e-05,6.623581866733729839e-04,1.691969227977097034e-03
1.970000000000000000e+02,4.598195300786755979e-05,8.187962230294942856e-04,2.302344655618071556e-03
1.980000000000000000e+02,5.268586392048746347e-05,9.594950242899358273e-04,2.719354350119829178e-03
1.990000000000000000e+02,6.603393558179959655e-05,1.149723189882934093e-03,3.233739407733082771e-03
2.000000000000000000e+02,8.144305320456624031e-05,1.525795436464250088e-03,4.785677418112754822e-03
2.010000000000000000e+02,1.104460607166402042e-04,1.966722542420029640e-03,6.859085988253355026e-03
2.020000000000000000e+02,1.421563356416299939e-04,2.494531217962503433e-03,9.310406632721424103e-03
2.030000000000000000e+02,1.896986941574141383e-04,3.139138221740722656e-03,1.167108304798603058e-02
2.040000000000000000e+02,2.131040964741259813e-04,3.527001012116670609e-03,1.371073722839355469e-02
2.050000000000000000e+02,2.548532502260059118e-04,4.296828992664813995e-03,1.758650504052639008e-02
2.060000000000000000e+02,2.774944878183305264e-04,4.538877867162227631e-03,1.968360878527164459e-02
2.070000000000000000e+02,2.587976050563156605e-04,4.266631323844194412e-03,1.909247972071170807e-02
2.080000000000000000e+02,2.320258354302495718e-04,3.610578831285238266e-03,1.629445143043994904e-02
2.090000000000000000e+02,1.910293649416416883e-04,3.001639619469642639e-03,1.284029707312583923e-02
2.100000000000000000e+02,1.452241704100742936e-04,2.335887169465422630e-03,9.238664060831069946e-03
2.110000000000000000e+02,1.182988489745184779e-04,1.784472493454813957e-03,6.760611664503812790e-03
2.120000000000000000e+02,8.680899918545037508e-05,1.390118151903152466e-03,4.843791946768760681e-03
2.130000000000000000e+02,6.928545917617157102e-05,1.182013191282749176e-03,4.299835767596960068e-03
2.140000000000000000e+02,6.067982394597493112e-05,1.060394803062081337e-03,3.718321677297353745e-03
2.150000000000000000e+02,5.506903835339471698e-05,9.286339627578854561e-04,3.163653193041682243e-03
2.160000000000000000e+02,5.157900523045100272e-05,8.300913614220917225e-04,3.122407011687755585e-03
2.170000000000000000e+02,4.474607703741639853e-05,7.922486402094364166e-04,2.577922539785504341e-03
2.180000000000000000e+02,4.681149948737584054e-05,7.636326481588184834e-04,2.694927388802170753e-03
2.190000000000000000e+02,4.159945456194691360e-05,6.793943466618657112e-04,2.447149483487010002e-03
2.200000000000000000e+02,4.129766966798342764e-05,6.724082049913704395e-04,2.364163286983966827e-03
2.210000000000000000e+02,3.739668318303301930e-05,6.339068640954792500e-04,2.144450088962912560e-03
2.220000000000000000e+02,3.553320493665523827e-05,5.889330641366541386e-04,2.084556967020034790e-03
2.230000000000000000e+02,2.718978248594794422e-05,3.900477313436567783e-04,1.784279826097190380e-03
2.240000000000000000e+02,1.392506692354800180e-05,2.711069246288388968e-04,8.354301680810749531e-04
2.250000000000000000e+02,2.037249032582622021e-05,3.626559628173708916e-04,7.497610058635473251e-04
2.260000000000000000e+02,2.564546412031631917e-05,4.195651854388415813e-04,1.048533362336456776e-03
2.270000000000000000e+02,2.942146420537028462e-05,5.114970845170319080e-04,1.353321131318807602e-03
2.280000000000000000e+02,3.532159462338313460e-05,6.236474728211760521e-04,1.702610752545297146e-03
2.290000000000000000e+02,4.493728920351713896e-05,7.297265692614018917e-04,2.275066217407584190e-03
2.300000000000000000e+02,4.924693348584696651e-05,8.870087913237512112e-04,2.512625418603420258e-03
2.310000000000000000e+02,5.988779957988299429e-05,1.033861190080642700e-03,3.220227314159274101e-03
2.320000000000000000e+02,7.823509804438799620e-05,1.355416723527014256e-03,4.133402835577726364e-03
2.330000000000000000e+02,1.003920187940821052e-04,1.719020889140665531e-03,5.681579001247882843e-03
2.340000000000000000e+02,1.295427500735968351e-04,2.323702676221728325e-03,8.070407435297966003e-03
2.350000000000000000e+02,1.793297269614413381e-04,3.111944533884525299e-03,1.170334406197071075e-02
2.360000000000000000e+02,2.096773969242349267e-04,3.595028072595596313e-03,1.378368306905031204e-02
2.370000000000000000e+02,2.560871653258800507e-04,4.161134827882051468e-03,1.783826388418674469e-02
2.380000000000000000e+02,2.650452370289713144e-04,4.337089601904153824e-03,1.814291998744010925e-02
2.390000000000000000e+02,2.441229880787432194e-04,4.282617010176181793e-03,1.880490407347679138e-02
2.400000000000000000e+02,2.220861788373440504e-04,3.515897551551461220e-03,1.555893942713737488e-02
2.410000000000000000e+02,1.700139255262911320e-04,2.783850533887743950e-03,1.137291826307773590e-02
2.420000000000000000e+02,1.259760756511241198e-04,2.082732273265719414e-03,8.326734416186809540e-03
2.430000000000000000e+02,1.024641096591949463e-04,1.682572299614548683e-03,6.223748438060283661e-03
2.440000000000000000e+02,8.358265040442347527e-05,1.347118755802512169e-03,4.851382225751876831e-03
2.450000000000000000e+02,6.732374458806589246e-05,1.154666068032383919e-03,3.825213061645627022e-03
2.460000000000000000e+02,5.929473991272971034e-05,9.875369723886251450e-04,3.027489874511957169e-03
2.470000000000000000e+02,5.141303336131386459e-05,8.686645887792110443e-04,2.827190794050693512e-03
2.480000000000000000e+02,4.621346670319326222e-05,8.090576156973838806e-04,2.798990346491336823e-03
2.490000000000000000e+02,4.483242810238152742e-05,7.219685940071940422e-04,2.412682631984353065e-03
2.500000000000000000e+02,4.388957313494756818e-05,7.490535499528050423e-04,2.465707017108798027e-03
2.510000000000000000e+02,3.939666203223168850e-05,6.781775737181305885e-04,2.440805546939373016e-03
2.520000000000000000e+02,3.749200186575762928e-05,6.386868190020322800e-04,2.212744439020752907e-03
2.530000000000000000e+02,3.540674879332073033e-05,5.964600131846964359e-04,2.208720194175839424e-03
2.540000000000000000e+02,3.378902329131960869e-05,5.448028095997869968e-04,1.980205066502094269e-03
2.550000000000000000e+02,2.453067463648039848e-05,3.706654242705553770e-04,1.692829886451363564e-03
2.560000000000000000e+02,1.397836422256659716e-05,2.754549204837530851e-04,8.206775528378784657e-04
2.570000000000000000e+02,2.037442209257278591e-05,3.640655777417123318e-04,7.190718897618353367e-04
2.580000000000000000e+02,2.466952901158947498e-05,4.447252722457051277e-04,1.091662910766899586e-03
2.590000000000000000e+02,3.147462120978161693e-05,5.659090820699930191e-04,1.512655406259000301e-03
2.600000000000000000e+02,3.625478711910545826e-05,6.784528959542512894e-04,1.792327733710408211e-03
2.610000000000000000e+02,4.232601349940523505e-05,7.285100291483104229e-04,2.156230155378580093e-03
2.620000000000000000e+02,5.043416967964731157e-05,8.875289349816739559e-04,2.556609455496072769e-03
2.630000000000000000e+02,5.952479477855376899e-05,1.048662816174328327e-03,3.203289117664098740e-03
2.640000000000000000e+02,7.422271301038563251e-05,1.343412790447473526e-03,4.152436275035142899e-03
2.650000000000000000e+02,9.189461707137525082e-05,1.701138564385473728e-03,5.482039880007505417e-03
2.660000000000000000e+02,1.240081182913854718e-04,2.212967025116086006e-03,7.864963263273239136e-03
2.670000000000000000e+02,1.682377769611775875e-04,2.861005952581763268e-03,1.105830259621143341e-02
2.680000000000000000e+02,2.083248691633343697e-04,3.418949665501713753e-03,1.310850866138935089e-02
2.690000000000000000e+02,2.429625164950266480e-04,4.089243244379758835e-03,1.703275553882122040e-02
2.700000000000000000e+02,2.595710102468729019e-04,4.143689293414354324e-03,1.818053238093852997e-02
2.710000000000000000e+02,2.408290893072262406e-04,4.033915232867002487e-03,1.610814593732357025e-02
2.720000000000000000e+02,1.942136877914890647e-04,3.319564741104841232e-03,1.295400131493806839e-02
2.730000000000000000e+02,1.584285637363791466e-04,2.618043916299939156e-03,1.008967030793428421e-02
2.740000000000000000e+02,1.265964529011398554e-04,1.970794517546892166e-03,7.533759344369173050e-03
2.750000000000000000e+02,9.358737588627263904e-05,1.577959279529750347e-03,5.881077144294977188e-03
2.760000000000000000e+02,7.695396197959780693e-05,1.251094276085495949e-03,4.500911571085453033e-03
2.770000000000000000e+02,6.458315328927710652e-05,1.080713002011179924e-03,3.872785251587629318e-03
2.780000000000000000e+02,5.808855348732322454e-05,9.800797561183571815e-04,3.141687484458088875e-03
2.790000000000000000e+02,4.827914744964800775e-05,8.291691192425787449e-04,3.350858576595783234e-03
2.800000000000000000e+02,4.290743527235463262e-05,7.758905994705855846e-04,2.682587131857872009e-03
2.810000000000000000e+02,4.119365985388867557e-05,7.150621968321502209e-04,2.562160138040781021e-03
2.820000000000000000e+02,4.119323057238943875e-05,6.993761053308844566e-04,2.539732726290822029e-03
2.830000000000000000e+02,3.996538362116552889e-05,6.664962274953722954e-04,2.388132270425558090e-03
2.840000000000000000e+02,3.538071905495598912e-05,6.251209997572004795e-04,2.260853536427021027e-03
2.850000000000000000e+02,3.289934102213010192e-05,5.888783489353954792e-04,2.027792157605290413e-03
2.860000000000000000e+02,3.196104080416262150e-05,5.429480806924402714e-04,1.845304854214191437e-03
2.870000000000000000e+02,2.422036777716130018e-05,3.489324008114635944e-04,1.630608574487268925e-03
2.880000000000000000e+02,1.289964893658179790e-05,2.479855320416390896e-04,7.549634319730103016e-04
2.890000000000000000e+02,1.800178870325908065e-05,3.279402444604784250e-04,7.275023963302373886e-04
2.900000000000000000e+02,2.398893593635875732e-05,3.901310265064239502e-04,9.952732361853122711e-04
2.910000000000000000e+02,2.696949195524211973e-05,4.655610828194767237e-04,1.443065237253904343e-03
2.920000000000000000e+02,3.270226079621352255e-05,5.851974128745496273e-04,1.670605735853314400e-03
2.930000000000000000e+02,3.879417999996803701e-05,6.651683943346142769e-04,2.075615338981151581e-03
2.940000000000000000e+02,4.415433068061247468e-05,8.081949781626462936e-04,2.462243894115090370e-03
2.950000000000000000e+02,5.239142046775668859e-05,9.408966870978474617e-04,2.833102131262421608e-03
2.960000000000000000e+02,6.965956708882004023e-05,1.198184327222406864e-03,4.012663848698139191e-03
2.970000000000000000e+02,9.234773460775613785e-05,1.619461691007018089e-03,4.933953285217285156e-03
2.980000000000000000e+02,1.177858066512271762e-04,2.138887299224734306e-03,7.371333893388509750e-03
2.990000000000000000e+02,1.544370607007294893e-04,2.678291639313101768e-03,9.861043654382228851e-03
3.000000000000000000e+02,1.880191994132474065e-04,3.230515634641051292e-03,1.288092881441116333e-02
3.010000000000000000e+02,2.233560080640017986e-04,3.708250354975461960e-03,1.534973829984664917e-02
3.020000000000000000e+02,2.316917089046910405e-04,3.820177866145968437e-03,1.606044359505176544e-02
3.030000000000000000e+02,2.203459443990141153e-04,3.560489043593406677e-03,1.494549866765737534e-02
3.040000000000000000e+02,1.779397862264886498e-04,2.948582870885729790e-03,1.155871618539094925e-02
3.050000000000000000e+02,1.506423723185434937e-04,2.344641368836164474e-03,1.007338054478168488e-02
3.060000000000000000e+02,1.178101010737009346e-04,1.790578942745923996e-03,6.939342245459556580e-03
3.070000000000000000e+02,8.452483598375692964e-05,1.385970273986458778e-03,5.412427708506584167e-03
3.080000000000000000e+02,7.037202158244326711e-05,1.142282504588365555e-03,4.123588558286428452e-03
3.090000000000000000e+02,6.701037636958062649e-05,1.055936561897397041e-03,3.526579821482300758e-03
3.100000000000000000e+02,5.818331192131154239e-05,8.986764587461948395e-04,3.435119055211544037e-03
3.110000000000000000e+02,5.021604738431051373e-05,8.269175305031239986e-04,2.859440632164478302e-03
3.120000000000000000e+02,4.291667937650345266e-05,6.974861607886850834e-04,2.739687915891408920e-03
3.130000000000000000e+02,4.353255644673481584e-05,6.797018577344715595e-04,2.355347387492656708e-03
3.140000000000000000e+02,4.294526297599077225e-05,6.704718107357621193e-04,2.625002292916178703e-03
3.150000000000000000e+02,3.641183502622880042e-05,6.324105197563767433e-04,2.201897324994206429e-03
3.160000000000000000e+02,3.425374598009511828e-05,6.424274179153144360e-04,2.221402013674378395e-03
3.170000000000000000e+02,3.265433042543008924e-05,5.500895204022526741e-04,2.015125006437301636e-03
3.180000000000000000e+02,3.188356276950798929e-05,5.156664410606026649e-04,1.749764545820653439e-03
3.190000000000000000e+02,2.330952702322974801e-05,3.334152279421687126e-04,1.585264923050999641e-03
3.200000000000000000e+02,1.193683965539094061e-05,2.398707438260316849e-04,7.057457114569842815e-04
3.210000000000000000e+02,1.690247881924733520e-05,3.159574407618492842e-04,6.572588463313877583e-04
3.220000000000000000e+02,2.156892151106148958e-05,3.856350376736372709e-04,8.981115533970296383e-04
3.230000000000000000e+02,2.576913720986340195e-05,4.635957593563944101e-04,1.272178604267537594e-03
3.240000000000000000e+02,3.187843321938998997e-05,5.823252722620964050e-04,1.497117336839437485e-03
3.250000000000000000e+02,3.819308403762988746e-05,6.620845524594187737e-04,1.839274540543556213e-03
3.260000000000000000e+02,4.332870594225823879e-05,7.495710742659866810e-04,2.179759787395596504e-03
3.270000000000000000e+02,4.949286449118517339e-05,9.432451915927231312e-04,2.691394183784723282e-03
3.280000000000000000e+02,6.817772373324260116e-05,1.198097132146358490e-03,3.941979724913835526e-03
3.290000000000000000e+02,8.827872807160019875e-05,1.576379174366593361e-03,5.511126480996608734e-03
3.300000000000000000e+02,1.072914310498163104e-04,1.914747874252498150e-03,6.412792019546031952e-03
3.310000000000000000e+02,1.480029459344223142e-04,2.508371369913220406e-03,8.984806016087532043e-03
3.320000000000000000e+02,1.691081852186471224e-04,2.911136019974946976e-03,1.123438868671655655e-02
3.330000000000000000e+02,1.972326426766812801e-04,3.480613930150866508e-03,1.385356858372688293e-02
3.340000000000000000e+02,2.093770308420062065e-04,3.448092378675937653e-03,1.463001593947410583e-02
3.350000000000000000e+02,1.977827341761440039e-04,3.197337035089731216e-03,1.382191665470600128e-02
3.360000000000000000e+02,1.640878617763519287e-04,2.719030715525150299e-03,1.133459247648715973e-02
3.370000000000000000e+02,1.376060536131262779e-04,2.235393039882183075e-03,9.479353204369544983e-03
3.380000000000000000e+02,1.079149515135213733e-04,1.695860642939805984e-03,7.183232810348272324e-03
3.390000000000000000e+02,8.419703954132273793e-05,1.380776870064437389e-03,5.039166193455457687e-03
3.400000000000000000e+02,6.539315654663369060e-05,1.125994371250271797e-03,3.830865258350968361e-03
3.410000000000000000e+02,6.119065074017271399e-05,9.954386623576283455e-04,3.513224888592958450e-03
3.420000000000000000e+02,5.190446972846984863e-05,8.968972251750528812e-04,3.127082018181681633e-03
3.430000000000000000e+02,4.663754589273594320e-05,7.657189853489398956e-04,2.781552029773592949e-03
3.440000000000000000e+02,4.153163536102510989e-05,7.379003800451755524e-04,2.639873418956995010e-03
3.450000000000000000e+02,4.152659676037728786e-05,7.193000055849552155e-04,2.380990888923406601e-03
3.460000000000000000e+02,4.110425652470439672e-05,7.374065462499856949e-04,2.610485767945647240e-03
3.470000000000000000e+02,3.854331953334622085e-05,6.523701013065874577e-04,2.278801519423723221e-03
3.480000000000000000e+02,3.483074397081509233e-05,5.941547569818794727e-04,2.016954822465777397e-03
3.490000000000000000e+02,3.113500497420318425e-05,5.272659473121166229e-04,1.845378777943551540e-03
3.500000000000000000e+02,2.828710239555221051e-05,4.860621411353349686e-04,1.702947076410055161e-03
3.510000000000000000e+02,2.180691808462142944e-05,3.138644387945532799e-04,1.383580151014029980e-03
3.520000000000000000e+02,1.076266107702394947e-05,2.260043402202427387e-04,6.749514723196625710e-04
3.530000000000000000e+02,1.522399816167308018e-05,2.961008867714554071e-04,6.251228041946887970e-04
3.540000000000000000e+02,2.030660652962978929e-05,3.588765393942594528e-04,8.348375558853149414e-04
3.550000000000000000e+02,2.301126369275152683e-05,4.406826628837734461e-04,1.229163259267807007e-03
3.560000000000000000e+02,2.998425225086975843e-05,5.490977200679481030e-04,1.498597441241145134e-03
3.570000000000000000e+02,3.469651346676982939e-05,6.426374893635511398e-04,1.690143253654241562e-03
3.580000000000000000e+02,4.185796933597885072e-05,7.648253813385963440e-04,2.169874962419271469e-03
3.590000000000000000e+02,5.027993756812065840e-05,8.961326093412935734e-04,2.762117655947804451e-03
3.600000000000000000e+02,6.265193223953247070e-05,1.160181942395865917e-03,3.829251974821090698e-03
3.610000000000000000e+02,8.454711496597155929e-05,1.521087950095534325e-03,5.346851889044046402e-03
3.620000000000000000e+02,1.047181067406199872e-04,1.821208512410521507e-03,7.096388842910528183e-03
3.630000000000000000e+02,1.393905113218352199e-04,2.259124303236603737e-03,8.885352872312068939e-03
3.640000000000000000e+02,1.519529032520949841e-04,2.613977063447237015e-03,1.010761409997940063e-02
3.650000000000000000e+02,1.810468238545581698e-04,3.260226454585790634e-03,1.218919083476066589e-02
3.660000000000000000e+02,1.911008002934977412e-04,3.154736943542957306e-03,1.292772777378559113e-02
3.670000000000000000e+02,1.883052173070609570e-04,3.067367244511842728e-03,1.272336300462484360e-02
3.680000000000000000e+02,1.605338620720431209e-04,2.629890805110335350e-03,1.142597198486328125e-02
3.690000000000000000e+02,1.330060767941176891e-04,2.145853126421570778e-03,9.027593769133090973e-03
3.700000000000000000e+02,9.834794764174148440e-05,1.685180584900081158e-03,6.636737845838069916e-03
3.710000000000000000e+02,7.815787103027105331e-05,1.326873665675520897e-03,4.779743961989879608e-03
3.720000000000000000e+02,6.418464181479066610e-05,1.042057294398546219e-03,3.794561140239238739e-03
3.730000000000000000e+02,5.662810508511029184e-05,9.229612769559025764e-04,3.340804716572165489e-03
3.740000000000000000e+02,5.179866639082320035e-05,8.327518589794635773e-04,2.820860594511032104e-03
3.750000000000000000e+02,4.468496990739367902e-05,7.176337530836462975e-04,2.644352382048964500e-03
3.760000000000000000e+02,4.025553425890393555e-05,7.112335297279059887e-04,2.422219840809702873e-03
3.770000000000000000e+02,4.011965575045906007e-05,6.643520318903028965e-04,2.349357353523373604e-03
3.780000000000000000e+02,3.817677497863769531e-05,6.584767252206802368e-04,2.221237402409315109e-03
3.790000000000000000e+02,3.713604746735654771e-05,6.184436497278511524e-04,2.161080483347177505e-03
3.800000000000000000e+02,3.142730929539538920e-05,5.661136237904429436e-04,1.977865584194660187e-03
3.810000000000000000e+02,2.876068538171239197e-05,5.000856472179293633e-04,1.686190254986286163e-03
3.820000000000000000e+02,2.667646731424611062e-05,4.633677308447659016e-04,1.575705362483859062e-03
3.830000000000000000e+02,2.126717663486488163e-05,2.892560733016580343e-04,1.423645182512700558e-03
3.840000000000000000e+02,1.069684549293015152e-05,2.127446932718157768e-04,6.610050331801176071e-04
3.850000000000000000e+02,1.457093185308622196e-05,2.709682448767125607e-04,5.836561904288828373e-04
3.860000000000000000e+02,1.874106965260580182e-05,3.546358784660696983e-04,8.809191640466451645e-04
3.870000000000000000e+02,2.317839789611753076e-05,4.086756962351500988e-04,1.052702078595757484e-03
3.880000000000000000e+02,2.880706597352400422e-05,5.179031286388635635e-04,1.446179463528096676e-03
3.890000000000000000e+02,3.473874676274135709e-05,6.176684983074665070e-04,1.712458906695246696e-03
3.900000000000000000e+02,4.317991988500580192e-05,7.403473719023168087e-04,2.558948239311575890e-03
3.910000000000000000e+02,4.904003435513004661e-05,9.210098069161176682e-04,2.803502138704061508e-03
3.920000000000000000e+02,6.125486834207549691e-05,1.119712134823203087e-03,3.997553139925003052e-03
3.930000000000000000e+02,7.816028664819896221e-05,1.393045648001134396e-03,4.865152761340141296e-03
3.940000000000000000e+02,1.035731111187487841e-04,1.802286482416093349e-03,6.559328641742467880e-03
3.950000000000000000e+02,1.282367738895118237e-04,2.181676682084798813e-03,8.767974562942981720e-03
3.960000000000000000e+02,1.463740481995046139e-04,2.563967369496822357e-03,9.888862259685993195e-03
3.970000000000000000e+02,1.774369884515181184e-04,3.007405437529087067e-03,1.147964037954807281e-02
3.980000000000000000e+02,1.933640451170504093e-04,3.159016603603959084e-03,1.300705596804618835e-02
3.990000000000000000e+02,1.821951882448047400e-04,3.009026870131492615e-03,1.264138054102659225e-02
4.000000000000000000e+02,1.612676569493487477e-04,2.539192792028188705e-03,1.115820091217756271e-02
4.010000000000000000e+02,1.354191626887768507e-04,2.189686289057135582e-03,8.680283091962337494e-03
4.020000000000000000e+02,1.018444309011101723e-04,1.649793121032416821e-03,6.511433515697717667e-03
4.030000000000000000e+02,7.939875649753957987e-05,1.292645232751965523e-03,5.007227882742881775e-03
4.040000000000000000e+02,6.690059672109782696e-05,1.015520072542130947e-03,3.900536103174090385e-03
4.050000000000000000e+02,5.590487489826045930e-05,9.290169691666960716e-04,3.087668912485241890e-03
4.060000000000000000e+02,4.772156898980028927e-05,8.004336268641054630e-04,2.817986300215125084e-03
4.070000000000000000e+02,4.113428076379932463e-05,6.890195072628557682e-04,2.438928466290235519e-03
4.080000000000000000e+02,3.985041621490381658e-05,6.691642338410019875e-04,2.253488404676318169e-03
4.090000000000000000e+02,3.746545917238108814e-05,6.473884568549692631e-04,2.229434903711080551e-03
4.100000000000000000e+02,3.746821676031686366e-05,6.367233581840991974e-04,2.170030493289232254e-03
4.110000000000000000e+02,3.468242357484996319e-05,5.853485781699419022e-04,2.083277329802513123e-03
4.120000000000000000e+02,3.141273919027298689e-05,5.474238423630595207e-04,1.848303596489131451e-03
4.130000000000000000e+02,2.935628253908362240e-05,4.768650396727025509e-04,1.631191349588334560e-03
4.140000000000000000e+02,2.597684942884370685e-05,4.401783517096191645e-04,1.572470413520932198e-03
4.150000000000000000e+02,1.925459218909963965e-05,3.066800709348171949e-04,1.330695580691099167e-03
4.160000000000000000e+02,1.054495533026056364e-05,2.133180532837286592e-04,6.410165806300938129e-04
4.170000000000000000e+02,1.490748400101438165e-05,2.686917723622173071e-04,5.382464150898158550e-04
4.180000000000000000e+02,1.929872996697667986e-05,3.463398315943777561e-04,7.983322138898074627e-04
4.190000000000000000e+02,2.202117684646509588e-05,4.060090868733823299e-04,1.048532780259847641e-03
4.200000000000000000e+02,2.868277260859031230e-05,5.272781127132475376e-04,1.263685291633009911e-03
4.210000000000000000e+02,3.458482024143449962e-05,5.796810146421194077e-04,1.769221154972910881e-03
4.220000000000000000e+02,4.266052928869612515e-05,7.746103219687938690e-04,2.540274756029248238e-03
4.230000000000000000e+02,5.097657776786945760e-05,9.363771532662212849e-04,2.643215935677289963e-03
4.240000000000000000e+02,6.286187999648973346e-05,1.104950672015547752e-03,3.705353941768407822e-03
4.250000000000000000e+02,7.864862709539011121e-05,1.388687058351933956e-03,4.378126934170722961e-03
4.260000000000000000e+02,9.770342148840427399e-05,1.801643986254930496e-03,6.331375334411859512e-03
4.270000000000000000e+02,1.304413017351180315e-04,2.234809100627899170e-03,8.086387999355792999e-03
4.280000000000000000e+02,1.508483837824314833e-04,2.568559022620320320e-03,9.364691562950611115e-03
4.290000000000000000e+02,1.813744165701791644e-04,2.950794296339154243e-03,1.192917581647634506e-02
4.300000000000000000e+02,1.902590593090280890e-04,3.078447654843330383e-03,1.326890569180250168e-02
4.310000000000000000e+02,1.983976981136947870e-04,3.023228840902447701e-03,1.264816150069236755e-02
4.320000000000000000e+02,1.644455915084108710e-04,2.566445386037230492e-03,1.097548753023147583e-02
4.330000000000000000e+02,1.269994245376437902e-04,2.068305620923638344e-03,8.585737086832523346e-03
4.340000000000000000e+02,9.947369835572317243e-05,1.644279225729405880e-03,6.521789822727441788e-03
4.350000000000000000e+02,7.374515553237870336e-05,1.242678030394017696e-03,4.842546302825212479e-03
4.360000000000000000e+02,6.284680421231314540e-05,1.052016275934875011e-03,3.887882456183433533e-03
4.370000000000000000e+02,5.366896220948547125e-05,9.111830731853842735e-04,3.049077466130256653e-03
4.380000000000000000e+02,4.703863305621780455e-05,8.002724498510360718e-04,2.610838273540139198e-03
4.390000000000000000e+02,4.404825449455529451e-05,7.161944522522389889e-04,2.377055818215012550e-03
4.400000000000000000e+02,3.812593786278739572e-05,6.527514196932315826e-04,2.235138090327382088e-03
4.410000000000000000e+02,3.584618025342933834e-05,6.318408995866775513e-04,2.183425705879926682e-03
4.420000000000000000e+02,3.564674625522457063e-05,6.261398666538298130e-04,1.961259171366691589e-03
4.430000000000000000e+02,3.185489913448691368e-05,5.049004685133695602e-04,1.914777676574885845e-03
4.440000000000000000e+02,3.025606565643101931e-05,4.985115956515073776e-04,1.681855064816772938e-03
4.450000000000000000e+02,2.740713171078823507e-05,4.650234186556190252e-04,1.651830854825675488e-03
4.460000000000000000e+02,2.464341378072276711e-05,4.483965167310088873e-04,1.508222310803830624e-03
4.470000000000000000e+02,1.810493813536595553e-05,2.692677080631256104e-04,1.214613090269267559e-03
4.480000000000000000e+02,1.033556327456608415e-05,2.057532983599230647e-04,6.159632466733455658e-04
4.490000000000000000e+02,1.463693570258328691e-05,2.652667753864079714e-04,5.575130926445126534e-04
4.500000000000000000e+02,1.834527211030945182e-05,3.428753407206386328e-04,8.222197648137807846e-04
4.510000000000000000e+02,2.168974970118142664e-05,3.889310464728623629e-04,9.701901581138372421e-04
4.520000000000000000e+02,2.882031731132883579e-05,4.892942961305379868e-04,1.341772964224219322e-03
4.530000000000000000e+02,3.436460974626243114e-05,6.047501228749752045e-04,1.680456800386309624e-03
4.540000000000000000e+02,4.231870843796059489e-05,7.243088330142199993e-04,2.212353749200701714e-03
4.550000000000000000e+02,4.723121674032881856e-05,8.747976971790194511e-04,2.374566160142421722e-03
4.560000000000000000e+02,5.922228228882886469e-05,1.054243533872067928e-03,3.429449163377285004e-03
4.570000000000000000e+02,7.601796096423640847e-05,1.326772966422140598e-03,4.432003945112228394e-03
4.580000000000000000e+02,9.591482375981286168e-05,1.707573770545423031e-03,6.062196101993322372e-03
4.590000000000000000e+02,1.244336162926629186e-04,2.100561279803514481e-03,7.911301217973232269e-03
4.600000000000000000e+02,1.533524482510983944e-04,2.475450048223137856e-03,1.025583222508430481e-02
4.610000000000000000e+02,1.707504561636596918e-04,2.977452240884304047e-03,1.121653150767087936e-02
4.620000000000000000e+02,2.009266027016565204e-04,3.175944555550813675e-03,1.353038754314184189e-02
4.630000000000000000e+02,1.810702524380758405e-04,2.970753703266382217e-03,1.210718322545289993e-02
4.640000000000000000e+02,1.553501788293942809e-04,2.616949612274765968e-03,1.091203838586807251e-02
4.650000000000000000e+02,1.309920189669355750e-04,2.213226864114403725e-03,8.487006649374961853e-03
4.660000000000000000e+02,9.586349915480241179e-05,1.552673056721687317e-03,5.975063424557447433e-03
4.670000000000000000e+02,7.767232455080375075e-05,1.281913020648062229e-03,4.593633580952882767e-03
4.680000000000000000e+02,6.148965621832758188e-05,1.002208678983151913e-03,3.522903425619006157e-03
4.690000000000000000e+02,5.105921445647254586e-05,8.684311178512871265e-04,2.832174533978104591e-03
4.700000000000000000e+02,4.609636744135059416e-05,7.375204004347324371e-04,2.520257839933037758e-03
4.710000000000000000e+02,4.017932587885297835e-05,6.994044524617493153e-04,2.310346812009811401e-03
4.720000000000000000e+02,3.688094147946685553e-05,6.136917509138584137e-04,2.067357767373323441e-03
4.730000000000000000e+02,3.555301373125985265e-05,5.847205757163465023e-04,2.132441848516464233e-03
4.740000000000000000e+02,3.245624247938394547e-05,5.459743551909923553e-04,1.779904472641646862e-03
4.750000000000000000e+02,3.024016223207581788e-05,5.073297652415931225e-04,1.749532180838286877e-03
4.760000000000000000e+02,2.864154885173775256e-05,4.838318855036050081e-04,1.572758308611810207e-03
4.770000000000000000e+02,2.550698809500318021e-05,4.363818734418600798e-04,1.444500987417995930e-03
4.780000000000000000e+02,2.450020292599219829e-05,4.059306520503014326e-04,1.337015186436474323e-03
4.790000000000000000e+02,1.791023714758921415e-05,2.680256729945540428e-04,1.194653566926717758e-03
4.800000000000000000e+02,1.015579073282424361e-05,2.030442556133493781e-04,5.991886719129979610e-04
4.810000000000000000e+02,1.458947099308716133e-05,2.558753185439854860e-04,5.386566626839339733e-04
4.820000000000000000e+02,1.848134525062050670e-05,3.295240749139338732e-04,8.029387099668383598e-04
4.830000000000000000e+02,2.307448448846116662e-05,3.723362169694155455e-04,1.052082167007029057e-03
4.840000000000000000e+02,2.696174306038301438e-05,4.833904386032372713e-04,1.339742913842201233e-03
4.850000000000000000e+02,3.461696178419515491e-05,5.988909979350864887e-04,1.784424530342221260e-03
4.860000000000000000e+02,3.792628922383300960e-05,6.973374402150511742e-04,2.005619928240776062e-03
4.870000000000000000e+02,4.732386878458783031e-05,8.428958244621753693e-04,2.608471550047397614e-03
4.880000000000000000e+02,5.845282794325612485e-05,1.023113611154258251e-03,3.260373370721936226e-03
4.890000000000000000e+02,7.759164873277768493e-05,1.315539586357772350e-03,4.370917566120624542e-03
4.900000000000000000e+02,9.852028597379103303e-05,1.724583096802234650e-03,6.133256480097770691e-03
4.910000000000000000e+02,1.278331037610769272e-04,2.074848627671599388e-03,8.004916831851005554e-03
4.920000000000000000e+02,1.472865696996450424e-04,2.412177156656980515e-03,9.987107478082180023e-03
4.930000000000000000e+02,1.719337888062000275e-04,2.906645182520151138e-03,1.188729796558618546e-02
4.940000000000000000e+02,1.823109923861920834e-04,2.920620609074831009e-03,1.222046650946140289e-02
4.950000000000000000e+02,1.834883878473192453e-04,3.055604873225092888e-03,1.273313350975513458e-02
4.960000000000000000e+02,1.653255458222702146e-04,2.542175119742751122e-03,1.087482366710901260e-02
4.970000000000000000e+02,1.304320903727784753e-04,2.137666102498769760e-03,8.258569985628128052e-03
4.980000000000000000e+02,1.003942670649848878e-04,1.598937436938285828e-03,6.266317795962095261e-03
4.990000000000000000e+02,7.352191460086032748e-05,1.225472893565893173e-03,4.728333558887243271e-03
5.000000000000000000e+02,5.811723167425952852e-05,9.981342591345310211e-04,3.527570981532335281e-03
5.010000000000000000e+02,5.234108539298176765e-05,8.581033907830715179e-04,2.845185576006770134e-03
5.020000000000000000e+02,4.643292413675226271e-05,7.557853823527693748e-04,2.335338853299617767e-03
5.030000000000000000e+02,4.058908234583213925e-05,6.433055968955159187e-04,2.205841010436415672e-03
5.040000000000000000e+02,3.584599471651017666e-05,6.332410266622900963e-04,1.873293076641857624e-03
5.050000000000000000e+02,3.669312354759313166e-05,6.009704084135591984e-04,2.162987366318702698e-03
5.060000000000000000e+02,3.244840627303346992e-05,5.484248395077884197e-04,1.819824334233999252e-03
5.070000000000000000e+02,3.142960849800147116e-05,4.803221090696752071e-04,1.643938827328383923e-03
5.080000000000000000e+02,2.813635728671215475e-05,4.682796134147793055e-04,1.470552873797714710e-03
5.090000000000000000e+02,2.616867641336284578e-05,4.376118886284530163e-04,1.414732309058308601e-03
5.100000000000000000e+02,2.535442945372778922e-05,4.294860991649329662e-04,1.254196278750896454e-03
5.110000000000000000e+02,1.865187186922412366e-05,2.613102260511368513e-04,1.217567245475947857e-03
5.120000000000000000e+02,1.006057664199033752e-05,2.009505551541224122e-04,6.110422546043992043e-04
5.130000000000000000e+02,1.401540248480159789e-05,2.608871727716177702e-04,5.552376969717442989e-04
5.140000000000000000e+02,1.843421705416403711e-05,3.378042601980268955e-04,7.708381162956357002e-04
5.150000000000000000e+02,2.203201802331022918e-05,4.103042883798480034e-04,1.066908356733620167e-03
5.160000000000000000e+02,2.791062797768972814e-05,4.957279306836426258e-04,1.356526860035955906e-03
5.170000000000000000e+02,3.440853834035806358e-05,5.985162570141255856e-04,1.581813790835440159e-03
5.180000000000000000e+02,3.963661583838984370e-05,6.805077427998185158e-04,2.063149819150567055e-03
5.190000000000000000e+02,4.543913382804021239e-05,8.157263509929180145e-04,2.514579799026250839e-03
5.200000000000000000e+02,5.713133941753767431e-05,1.047850586473941803e-03,3.471011761575937271e-03
5.210000000000000000e+02,7.498697959817945957e-05,1.317817252129316330e-03,4.328668117523193359e-03
5.220000000000000000e+02,9.931645763572305441e-05,1.712233177386224270e-03,6.431201938539743423e-03
5.230000000000000000e+02,1.306502090301364660e-04,2.123522805050015450e-03,8.131741546094417572e-03
5.240000000000000000e+02,1.431004056939855218e-04,2.486924408003687859e-03,9.703679010272026062e-03
5.250000000000000000e+02,1.692825753707438707e-04,2.791618928313255310e-03,1.165618933737277985e-02
5.260000000000000000e+02,1.760173763614147902e-04,3.005394246429204941e-03,1.238819211721420288e-02
5.270000000000000000e+02,1.826878142310306430e-04,2.793009625747799873e-03,1.273279264569282532e-02
5.280000000000000000e+02,1.587082952028140426e-04,2.563128015026450157e-03,1.121417246758937836e-02
5.290000000000000000e+02,1.248106127604842186e-04,2.108790446072816849e-03,9.182789362967014313e-03
5.300000000000000000e+02,1.003737124847248197e-04,1.604755292646586895e-03,6.520549301058053970e-03
5.310000000000000000e+02,7.761814049445092678e-05,1.329467864707112312e-03,5.414797458797693253e-03
5.320000000000000000e+02,6.121592741692438722e-05,1.003410317935049534e-03,3.776854835450649261e-03
5.330000000000000000e+02,5.425492417998611927e-05,8.971041534096002579e-04,3.152403514832258224e-03
5.340000000000000000e+02,4.833356433664448559e-05,7.587206782773137093e-04,2.644938882440328598e-03
5.350000000000000000e+02,4.140971941524185240e-05,7.279791170731186867e-04,2.268732991069555283e-03
5.360000000000000000e+02,3.894662586390040815e-05,6.407961482182145119e-04,2.110238187015056610e-03
5.370000000000000000e+02,3.717715662787668407e-05,6.196160102263092995e-04,2.137181349098682404e-03
5.380000000000000000e+02,3.383385410415939987e-05,5.458146915771067142e-04,1.881504431366920471e-03
5.390000000000000000e+02,2.910745024564675987e-05,5.281582125462591648e-04,1.824516686610877514e-03
5.400000000000000000e+02,2.803923780447803438e-05,5.110722850076854229e-04,1.687701442278921604e-03
5.410000000000000000e+02,2.565298927947878838e-05,4.547461285255849361e-04,1.542846555821597576e-03
5.420000000000000000e+02,2.489796497684437782e-05,4.069716669619083405e-04,1.477284939028322697e-03
5.430000000000000000e+02,1.838362186390440911e-05,2.767596743069589138e-04,1.285816077142953873e-03
5.440000000000000000e+02,1.013621022138977423e-05,2.023514971369877458e-04,6.379417027346789837e-04
5.450000000000000000e+02,1.442182838218286633e-05,2.703197533264756203e-04,5.849633016623556614e-04
5.460000000000000000e+02,1.871680615295190364e-05,3.281719982624053955e-04,8.505807491019368172e-04
5.470000000000000000e+02,2.326367211935576051e-05,3.924523480236530304e-04,1.017904025502502918e-03
5.480000000000000000e+02,2.852876241377089173e-05,4.876122111454606056e-04,1.407261122949421406e-03
5.490000000000000000e+02,3.237368946429342031e-05,5.946618039160966873e-04,1.698942855000495911e-03
5.500000000000000000e+02,3.858717900584451854e-05,6.654711323790252209e-04,1.894195214845240116e-03
5.510000000000000000e+02,4.555243504000827670e-05,8.238508016802370548e-04,2.505305223166942596e-03
5.520000000000000000e+02,5.586315091932192445e-05,9.863028535619378090e-04,3.204410895705223083e-03
5.530000000000000000e+02,7.716217078268527985e-05,1.279540592804551125e-03,4.271160811185836792e-03
5.540000000000000000e+02,9.686299745226278901e-05,1.663092407397925854e-03,6.363316904753446579e-03
5.550000000000000000e+02,1.309771469095721841e-04,2.253170358017086983e-03,8.582700975239276886e-03
5.560000000000000000e+02,1.512756716692820191e-04,2.417764626443386078e-03,1.002864725887775421e-02
5.570000000000000000e+02,1.734893012326210737e-04,2.918296260759234428e-03,1.119747292250394821e-02
5.580000000000000000e+02,1.810984831536188722e-04,3.043334698304533958e-03,1.280570775270462036e-02
5.590000000000000000e+02,1.794698473531752825e-04,2.974180737510323524e-03,1.189421489834785461e-02
5.600000000000000000e+02,1.578792580403387547e-04,2.629987895488739014e-03,1.083932165056467056e-02
5.610000000000000000e+02,1.306597841903567314e-04,2.105206716805696487e-03,8.664924651384353638e-03
5.620000000000000000e+02,1.042210424202494323e-04,1.725980429910123348e-03,6.814719643443822861e-03
5.630000000000000000e+02,8.229111699620261788e-05,1.305772922933101654e-03,5.153900478035211563e-03
5.640000000000000000e+02,6.761877739336341619e-05,1.089466735720634460e-03,4.002569243311882019e-03
5.650000000000000000e+02,5.615537520498037338e-05,8.867162396200001240e-04,3.349205479025840759e-03
5.660000000000000000e+02,4.898799306829459965e-05,7.926885155029594898e-04,2.900528721511363983e-03
5.670000000000000000e+02,4.267308031558059156e-05,6.898526917211711407e-04,2.404476515948772430e-03
5.680000000000000000e+02,4.178182280156761408e-05,6.711652386002242565e-04,2.448091749101877213e-03
5.690000000000000000e+02,3.929375816369429231e-05,6.355364457704126835e-04,2.160686999559402466e-03
5.700000000000000000e+02,3.474413460935465991e-05,5.921835545450448990e-04,1.953694270923733711e-03
5.710000000000000000e+02,3.237369674025103450e-05,5.217336001805961132e-04,1.820674864575266838e-03
5.720000000000000000e+02,3.158918843837454915e-05,4.700593999586999416e-04,1.709706266410648823e-03
5.730000000000000000e+02,2.861239227058831602e-05,4.522166564129292965e-04,1.560733770020306110e-03
5.740000000000000000e+02,2.615433368191588670e-05,4.281224973965436220e-04,1.665313146077096462e-03
5.750000000000000000e+02,2.129828135366551578e-05,2.995548711623996496e-04,1.369092031382024288e-03
5.760000000000000000e+02,1.007851733447751030e-05,1.992626494029536843e-04,6.048306240700185299e-04
5.770000000000000000e+02,1.407358104188460857e-05,2.582740562502294779e-04,5.506369634531438351e-04
5.780000000000000000e+02,1.744379005685914308e-05,3.215224423911422491e-04,8.176920237019658089e-04
5.790000000000000000e+02,2.108275111822877079e-05,3.976678417529910803e-04,1.074211788363754749e-03
5.800000000000000000e+02,2.717037568800151348e-05,4.763754550367593765e-04,1.366849872283637524e-03
5.810000000000000000e+02,3.361496783327311277e-05,5.733414436690509319e-04,1.757135149091482162e-03
5.820000000000000000e+02,3.821796053671278059e-05,6.826073513366281986e-04,1.995537895709276199e-03
5.830000000000000000e+02,4.439455005922354758e-05,7.870339322835206985e-04,2.420384669676423073e-03
5.840000000000000000e+02,5.791768489871174097e-05,9.908815845847129822e-04,3.175941063091158867e-03
5.850000000000000000e+02,7.336418639170005918e-05,1.406855531968176365e-03,4.503231029957532883e-03
5.860000000000000000e+02,1.035789755405858159e-04,1.690454897470772266e-03,6.135020870715379715e-03
5.870000000000000000e+02,1.293478853767737746e-04,2.073282841593027115e-03,8.467776700854301453e-03
5.880000000000000000e+02,1.459370541851967573e-04,2.458085305988788605e-03,9.500266052782535553e-03
5.890000000000000000e+02,1.790436799637973309e-04,2.761859213933348656e-03,1.145805139094591141e-02
5.900000000000000000e+02,1.851413253461942077e-04,3.058830508962273598e-03,1.248452533036470413e-02
5.910000000000000000e+02,1.746315538184717298e-04,2.852104604244232178e-03,1.169273070991039276e-02
5.920000000000000000e+02,1.563062978675588965e-04,2.468928229063749313e-03,1.062716916203498840e-02
5.930000000000000000e+02,1.234653609571978450e-04,2.081925515085458755e-03,8.137557655572891235e-03
5.940000000000000000e+02,1.028607366606593132e-04,1.649921061471104622e-03,6.605118978768587112e-03
5.950000000000000000e+02,8.435908966930583119e-05,1.366139505989849567e-03,5.265774670988321304e-03
5.960000000000000000e+02,6.561962800333276391e-05,1.118975924327969551e-03,4.382410552352666855e-03
5.970000000000000000e+02,5.452443292597308755e-05,9.237579070031642914e-04,3.232788760215044022e-03
5.980000000000000000e+02,4.638218524632975459e-05,7.778172148391604424e-04,2.839644439518451691e-03
5.990000000000000000e+02,4.090142465429380536e-05,7.195289363153278828e-04,2.408173400908708572e-03
6.000000000000000000e+02,3.983925125794485211e-05,6.772025953978300095e-04,2.235239604488015175e-03
6.010000000000000000e+02,3.719580854522064328e-05,6.119309109635651112e-04,2.258363179862499237e-03
6.020000000000000000e+02,3.609316627262160182e-05,5.726013332605361938e-04,2.025227295234799385e-03
6.030000000000000000e+02,3.304743586340919137e-05,5.273488350212574005e-04,1.924704411067068577e-03
6.040000000000000000e+02,3.129869219264946878e-05,5.420026136562228203e-04,1.660672132857143879e-03
6.050000000000000000e+02,3.085051503148861229e-05,5.093819927424192429e-04,1.671046600677073002e-03
6.060000000000000000e+02,2.946308086393401027e-05,4.791496903635561466e-04,1.589000457897782326e-03
6.070000000000000000e+02,2.072212373604997993e-05,3.038331633433699608e-04,1.487583620473742485e-03
6.080000000000000000e+02,9.638713891035877168e-06,1.959447399713099003e-04,5.840819212608039379e-04
6.090000000000000000e+02,1.346372755506308749e-05,2.498311223462224007e-04,5.122096044942736626e-04
6.100000000000000000e+02,1.745500594552140683e-05,3.112736449111253023e-04,7.643153076060116291e-04
6.110000000000000000e+02,2.024854802584741265e-05,3.672738093882799149e-04,8.852804312482476234e-04
6.120000000000000000e+02,2.686738844204228371e-05,4.532346501946449280e-04,1.214791438542306423e-03
6.130000000000000000e+02,3.115157596766948700e-05,5.508284084498882294e-04,1.574796158820390701e-03
6.140000000000000000e+02,3.862665835185907781e-05,6.391583010554313660e-04,1.915116561576724052e-03
6.150000000000000000e+02,4.155942951911129057e-05,7.664113072678446770e-04,2.249482320621609688e-03
6.160000000000000000e+02,5.470358883030712605e-05,1.015218673273921013e-03,3.155354177579283714e-03
6.170000000000000000e+02,7.848602399462834001e-05,1.309496816247701645e-03,4.623189102858304977e-03
6.180000000000000000e+02,9.780715481610968709e-05,1.717627397738397121e-03,6.115581374615430832e-03
6.190000000000000000e+02,1.290876680286601186e-04,2.210926497355103493e-03,8.353457786142826080e-03
6.200000000000000000e+02,1.474436576245352626e-04,2.547967946156859398e-03,9.811197407543659210e-03
6.210000000000000000e+02,1.655914238654077053e-04,2.822085516527295113e-03,1.103111729025840759e-02
6.220000000000000000e+02,1.846367231337353587e-04,2.891260432079434395e-03,1.216552592813968658e-02
6.230000000000000000e+02,1.771126844687387347e-04,2.810291713103652000e-03,1.217030733823776245e-02
6.240000000000000000e+02,1.520697260275483131e-04,2.390295965597033501e-03,1.017453335225582123e-02
6.250000000000000000e+02,1.247459003934636712e-04,1.977343112230300903e-03,8.302479051053524017e-03
6.260000000000000000e+02,1.008426334010437131e-04,1.589206513017416000e-03,6.506668869405984879e-03
6.270000000000000000e+02,8.177846757462248206e-05,1.362075447104871273e-03,5.243555177003145218e-03
6.280000000000000000e+02,6.319642125163227320e-05,1.048680860549211502e-03,3.994597122073173523e-03
6.290000000000000000e+02,5.214604971115477383e-05,8.597560808993875980e-04,2.872954821214079857e-03
6.300000000000000000e+02,4.699580676970072091e-05,7.660346454940736294e-04,2.502714283764362335e-03
6.310000000000000000e+02,4.319183062762022018e-05,6.823995499871671200e-04,2.218756824731826782e-03
6.320000000000000000e+02,3.838098200503736734e-05,6.165372324176132679e-04,2.105745254084467888e-03
6.330000000000000000e+02,3.475716221146285534e-05,5.973777733743190765e-04,2.187349135056138039e-03
6.340000000000000000e+02,3.311339969513937831e-05,5.743383662775158882e-04,1.990103162825107574e-03
6.350000000000000000e+02,3.358591857249848545e-05,5.208126967772841454e-04,1.810415182262659073e-03
6.360000000000000000e+02,3.037922579096630216e-05,5.027720471844077110e-04,1.682685222476720810e-03
6.370000000000000000e+02,2.880600004573352635e-05,4.618278471753001213e-04,1.745535759255290031e-03
6.380000000000000000e+02,2.715235314099118114e-05,4.626914451364427805e-04,1.717931590974330902e-03
6.390000000000000000e+02,2.070525442832149565e-05,3.230628790333867073e-04,1.504964893683791161e-03
6.400000000000000000e+02,9.815754310693591833e-06,1.896379835670813918e-04,5.809479625895619392e-04
6.410000000000000000e+02,1.349071044387528673e-05,2.374784380663186312e-04,4.913393058814108372e-04
6.420000000000000000e+02,1.691290890448726714e-05,2.896979276556521654e-04,6.757354130968451500e-04
6.430000000000000000e+02,2.035909892583731562e-05,3.496087156236171722e-04,8.854649495333433151e-04
6.440000000000000000e+02,2.418667099846061319e-05,4.479670606087893248e-04,1.228306675329804420e-03
6.450000000000000000e+02,3.046202800760511309e-05,5.654629203490912914e-04,1.632936648093163967e-03
6.460000000000000000e+02,3.703309630509465933e-05,6.735791102983057499e-04,1.843334990553557873e-03
6.470000000000000000e+02,4.435763548826798797e-05,7.582550169900059700e-04,2.290400210767984390e-03
6.480000000000000000e+02,5.795541073894128203e-05,1.036584726534783840e-03,3.256016178056597710e-03
6.490000000000000000e+02,7.634169014636427164e-05,1.379203167743980885e-03,4.676596727222204208e-03
6.500000000000000000e+02,1.044628006638959050e-04,1.719268388114869595e-03,6.236275658011436462e-03
6.510000000000000000e+02,1.306142657995223999e-04,2.196202985942363739e-03,8.314325474202632904e-03
6.520000000000000000e+02,1.522758684586733580e-04,2.534165047109127045e-03,9.559152647852897644e-03
6.530000000000000000e+02,1.728428469505161047e-04,2.636355813592672348e-03,1.129209995269775391e-02
6.540000000000000000e+02,1.728936040308326483e-04,2.862330293282866478e-03,1.227081380784511566e-02
6.550000000000000000e+02,1.792194525478407741e-04,2.846050309017300606e-03,1.232325844466686249e-02
6.560000000000000000e+02,1.544077967992052436e-04,2.544885734096169472e-03,1.063320692628622055e-02
6.570000000000000000e+02,1.268872583750635386e-04,2.088405890390276909e-03,8.203904144465923309e-03
6.580000000000000000e+02,1.000431875581853092e-04,1.678509521298110485e-03,6.542704999446868896e-03
6.590000000000000000e+02,8.048788004089146852e-05,1.316361362114548683e-03,4.913665819913148880e-03
6.600000000000000000e+02,6.480378215201199055e-05,1.061642193235456944e-03,3.748571965843439102e-03
6.610000000000000000e+02,5.172358942218124866e-05,8.585947798565030098e-04,2.827005460858345032e-03
6.620000000000000000e+02,4.507923222263343632e-05,7.425087969750165939e-04,2.497775945812463760e-03
6.630000000000000000e+02,3.959166497224941850e-05,6.592518766410648823e-04,2.146535785868763924e-03
6.640000000000000000e+02,3.769137401832267642e-05,6.515775457955896854e-04,2.197550144046545029e-03
6.650000000000000000e+02,3.519015081110410392e-05,5.503593711182475090e-04,2.038913546130061150e-03
6.660000000000000000e+02,3.305459540570154786e-05,5.643887561745941639e-04,1.985970418900251389e-03
6.670000000000000000e+02,3.079641828662715852e-05,5.282787606120109558e-04,2.006339374929666519e-03
6.680000000000000000e+02,2.808962381095625460e-05,5.122586735524237156e-04,1.753439661115407944e-03
6.690000000000000000e+02,2.867045441234949976e-05,4.851589037571102381e-04,1.724738511256873608e-03
6.700000000000000000e+02,2.617290920170489699e-05,4.519721260294318199e-04,1.571450964547693729e-03
6.710000000000000000e+02,2.023051638389006257e-05,2.895233337767422199e-04,1.494440017268061638e-03
6.720000000000000000e+02,1.017924114421475679e-05,1.987263240152969956e-04,5.870516761206090450e-04
6.730000000000000000e+02,1.402808265993371606e-05,2.469929750077426434e-04,5.028340965509414673e-04
6.740000000000000000e+02,1.751038507791236043e-05,2.975754323415458202e-04,6.869882345199584961e-04
6.750000000000000000e+02,2.170334119000472128e-05,3.790994815062731504e-04,9.952716063708066940e-04
6.760000000000000000e+02,2.570141441537998617e-05,4.691916401498019695e-04,1.301522948779165745e-03
6.770000000000000000e+02,3.263995313318446279e-05,5.711353151127696037e-04,1.526472624391317368e-03
6.780000000000000000e+02,4.071845978614874184e-05,6.469866493716835976e-04,1.935610431246459484e-03
6.790000000000000000e+02,4.321664164308458567e-05,7.654403452761471272e-04,2.321779960766434669e-03
6.800000000000000000e+02,6.195477908477187157e-05,1.011350890621542931e-03,3.274369053542613983e-03
6.810000000000000000e+02,8.338790212292224169e-05,1.376509200781583786e-03,4.691660404205322266e-03
6.820000000000000000e+02,1.032938744174316525e-04,1.746729714795947075e-03,6.653943564742803574e-03
6.830000000000000000e+02,1.319712173426523805e-04,2.250551944598555565e-03,8.956529200077056885e-03
6.840000000000000000e+02,1.497895864304155111e-04,2.441293327137827873e-03,9.953868575394153595e-03
6.850000000000000000e+02,1.709282369120046496e-04,2.942728111520409584e-03,1.126411184668540955e-02
6.860000000000000000e+02,1.809306995710358024e-04,2.966737141832709312e-03,1.197783835232257843e-02
6.870000000000000000e+02,1.833153364714235067e-04,2.886637113988399506e-03,1.238444540649652481e-02
6.880000000000000000e+02,1.563421537866815925e-04,2.557866508141160011e-03,1.034535374492406845e-02
6.890000000000000000e+02,1.299677969655022025e-04,2.105204155668616295e-03,8.620056323707103729e-03
6.900000000000000000e+02,1.073543171514756978e-04,1.678133499808609486e-03,6.555962841957807541e-03
6.910000000000000000e+02,8.027925650821998715e-05,1.328899408690631390e-03,4.856568295508623123e-03
6.920000000000000000e+02,6.349666364258155227e-05,1.019261428155004978e-03,3.826330415904521942e-03
6.930000000000000000e+02,5.204858098295517266e-05,8.340604254044592381e-04,3.031277330592274666e-03
6.940000000000000000e+02,4.657587123801931739e-05,7.693824591115117073e-04,2.622328000143170357e-03
6.950000000000000000e+02,4.093016104889102280e-05,6.683264509774744511e-04,2.229023724794387817e-03
6.960000000000000000e+02,3.856338298646733165e-05,6.495993584394454956e-04,2.091586124151945114e-03
6.970000000000000000e+02,3.524669591570273042e-05,5.880542448721826077e-04,1.881854608654975891e-03
6.980000000000000000e+02,3.463196844677440822e-05,5.731646670028567314e-04,2.003634348511695862e-03
6.990000000000000000e+02,2.965522071463055909e-05,5.307027604430913925e-04,1.912402687594294548e-03
7.000000000000000000e+02,3.089429810643196106e-05,4.769559891428798437e-04,1.668109209276735783e-03
7.010000000000000000e+02,2.946282802440691739e-05,4.846513329539448023e-04,1.692037098109722137e-03
7.020000000000000000e+02,2.832414429576601833e-05,4.548548895400017500e-04,1.639522495679557323e-03
7.030000000000000000e+02,1.983543006645049900e-05,3.175109159201383591e-04,1.433235476724803448e-03
7.040000000000000000e+02,1.059907299350015819e-05,2.137252013199031353e-04,6.316075450740754604e-04
7.050000000000000000e+02,1.484333643020363525e-05,2.647079527378082275e-04,5.408097058534622192e-04
7.060000000000000000e+02,1.816450276237446815e-05,3.263208200223743916e-04,7.661253912374377251e-04
7.070000000000000000e+02,2.250085890409536660e-05,4.143314145039767027e-04,1.078693894669413567e-03
7.080000000000000000e+02,2.825069168466143310e-05,4.966002306900918484e-04,1.408004201948642731e-03
7.090000000000000000e+02,3.310223837615922093e-05,5.918617243878543377e-04,1.702296896837651730e-03
7.100000000000000000e+02,3.892248059855774045e-05,6.957815494388341904e-04,2.150122309103608131e-03
7.110000000000000000e+02,4.760080628329887986e-05,8.183681056834757328e-04,2.402649726718664169e-03
7.120000000000000000e+02,6.169051630422472954e-05,1.078830799087882042e-03,3.474106080830097198e-03
7.130000000000000000e+02,8.283160423161461949e-05,1.391832716763019562e-03,4.600858781486749649e-03
7.140000000000000000e+02,1.151564865722320974e-04,1.889721141196787357e-03,7.069972809404134750e-03
7.150000000000000000e+02,1.333461841568350792e-04,2.284531947225332260e-03,8.670375682413578033e-03
7.160000000000000000e+02,1.648997422307729721e-04,2.824260620400309563e-03,1.093103550374507904e-02
7.170000000000000000e+02,1.858409523265436292e-04,2.947869012132287025e-03,1.154137682169675827e-02
7.180000000000000000e+02,1.931075094034895301e-04,2.967186737805604935e-03,1.271609310060739517e-02
7.190000000000000000e+02,1.767091162037104368e-04,3.016602480784058571e-03,1.250718440860509872e-02
7.200000000000000000e+02,1.574661728227511048e-04,2.644116058945655823e-03,1.056789327412843704e-02
7.210000000000000000e+02,1.346428471151739359e-04,2.183016855269670486e-03,8.976884186267852783e-03
7.220000000000000000e+02,1.040962670231238008e-04,1.687325653620064259e-03,6.571973673999309540e-03
7.230000000000000000e+02,8.176129631465300918e-05,1.337277586571872234e-03,5.118115339428186417e-03
7.240000000000000000e+02,6.566314550582319498e-05,1.096053863875567913e-03,4.061375744640827179e-03
7.250000000000000000e+02,5.709112883778288960e-05,8.841021335683763027e-04,3.184785833582282066e-03
7.260000000000000000e+02,4.905575042357668281e-05,8.056553779169917107e-04,2.905216533690690994e-03
7.270000000000000000e+02,4.371557952254079282e-05,7.024490041658282280e-04,2.332338830456137657e-03
7.280000000000000000e+02,4.100526348338462412e-05,6.710573798045516014e-04,2.132618334144353867e-03
7.290000000000000000e+02,3.831575304502621293e-05,6.107172230258584023e-04,2.153193810954689980e-03
7.300000000000000000e+02,3.541981641319580376e-05,6.105683278292417526e-04,1.899444148875772953e-03
7.310000000000000000e+02,3.526836007949896157e-05,5.587360356003046036e-04,1.857335912063717842e-03
7.320000000000000000e+02,3.224654574296437204e-05,5.269446992315351963e-04,1.714905840344727039e-03
7.330000000000000000e+02,3.045788980671204627e-05,5.068731843493878841e-04,1.772665535099804401e-03
7.340000000000000000e+02,2.734040390350855887e-05,4.717428528238087893e-04,1.514003961347043514e-03
7.350000000000000000e+02,1.966587842616718262e-05,3.121554327663034201e-04,1.495336415246129036e-03
7.360000000000000000e+02,1.118041564041050151e-05,2.288947143824771047e-04,7.133727776817977428e-04
7.370000000000000000e+02,1.528063330624718219e-05,2.897033409681171179e-04,5.933652864769101143e-04
7.380000000000000000e+02,2.011479773500468582e-05,3.571843844838440418e-04,9.305492858402431011e-04
7.390000000000000000e+02,2.488090467522852123e-05,4.399864701554179192e-04,1.125115901231765747e-03
7.400000000000000000e+02,2.929293805209454149e-05,5.381614319048821926e-04,1.588130602613091469e-03
7.410000000000000000e+02,3.544910578057169914e-05,6.407016771845519543e-04,1.823420054279267788e-03
7.420000000000000000e+02,4.151548273512162268e-05,6.970205577090382576e-04,2.072631614282727242e-03
7.430000000000000000e+02,5.207656795391812921e-05,8.800097275525331497e-04,2.529726130887866020e-03
7.440000000000000000e+02,6.605448288610205054e-05,1.089794095605611801e-03,3.392387181520462036e-03
7.450000000000000000e+02,8.942905697040259838e-05,1.601929776370525360e-03,5.284562241286039352e-03
7.460000000000000000e+02,1.219300829689018428e-04,2.039976650848984718e-03,7.669890765100717545e-03
7.470000000000000000e+02,1.524428953416645527e-04,2.478658687323331833e-03,1.019182335585355759e-02
7.480000000000000000e+02,1.786525826901197433e-04,2.895793877542018890e-03,1.176489889621734619e-02
7.490000000000000000e+02,1.950074074557051063e-04,3.295696806162595749e-03,1.324146892875432968e-02
7.500000000000000000e+02,2.060234401142224669e-04,3.311171662062406540e-03,1.423659082502126694e-02
7.510000000000000000e+02,1.942128583323210478e-04,3.134259954094886780e-03,1.357502769678831100e-02
7.520000000000000000e+02,1.662543654674664140e-04,2.673068782314658165e-03,1.165529340505599976e-02
7.530000000000000000e+02,1.377421867800876498e-04,2.213322557508945465e-03,9.114198386669158936e-03
7.540000000000000000e+02,1.103709073504433036e-04,1.711207791231572628e-03,6.810713559389114380e-03
7.550000000000000000e+02,8.489319588989019394e-05,1.453664619475603104e-03,5.296802613884210587e-03
7.560000000000000000e+02,7.204762368928641081e-05,1.086281728930771351e-03,4.323293454945087433e-03
7.570000000000000000e+02,5.829243309563025832e-05,9.836752433329820633e-04,3.235784824937582016e-03
7.580000000000000000e+02,5.134059028932824731e-05,8.526891469955444336e-04,2.949109068140387535e-03
7.590000000000000000e+02,4.594005440594628453e-05,7.701298454776406288e-04,2.435798756778240204e-03
7.600000000000000000e+02,4.121703386772423983e-05,6.694399635307490826e-04,2.424921840429306030e-03
7.610000000000000000e+02,3.815743184532038867e-05,5.717945168726146221e-04,2.086842665448784828e-03
7.620000000000000000e+02,3.479773658909834921e-05,5.759345949627459049e-04,2.089901361614465714e-03
7.630000000000000000e+02,3.198657213943079114e-05,5.500151892192661762e-04,1.873663743026554585e-03
7.640000000000000000e+02,3.259539516875520349e-05,5.149213830009102821e-04,1.806949148885905743e-03
7.650000000000000000e+02,2.885452886403072625e-05,5.018937517888844013e-04,1.818324672058224678e-03
7.660000000000000000e+02,2.677204065548721701e-05,4.810070677194744349e-04,1.695491955615580082e-03
7.670000000000000000e+02,2.171180494769942015e-05,3.149549302179366350e-04,1.460964558646082878e-03
7.680000000000000000e+02,1.222071477968711406e-05,2.422153338557109237e-04,7.869718829169869423e-04
7.690000000000000000e+02,1.731058546283748001e-05,3.116402658633887768e-04,6.523653864860534668e-04
7.700000000000000000e+02,2.188176040363032371e-05,3.762505948543548584e-04,9.438018896616995335e-04
7.710000000000000000e+02,2.622823012643493712e-05,4.765937919728457928e-04,1.286311889998614788e-03
7.720000000000000000e+02,3.059310256503522396e-05,5.832707392983138561e-04,1.650466467253863811e-03
7.730000000000000000e+02,3.920195740647614002e-05,6.550704711116850376e-04,2.051168354228138924e-03
7.740000000000000000e+02,4.321807864471338689e-05,7.544344407506287098e-04,2.292579971253871918e-03
7.750000000000000000e+02,5.277354648569598794e-05,9.720290545374155045e-04,2.703829202800989151e-03
7.760000000000000000e+02,7.071958680171519518e-05,1.227157539688050747e-03,3.847994608804583549e-03
7.770000000000000000e+02,9.561446495354175568e-05,1.692802179604768753e-03,5.561231169849634171e-03
7.780000000000000000e+02,1.281257427763193846e-04,2.264164155349135399e-03,7.973021827638149261e-03
7.790000000000000000e+02,1.657455577515065670e-04,2.642130944877862930e-03,1.137125026434659958e-02
7.800000000000000000e+02,1.950244623003527522e-04,3.152963938191533089e-03,1.273526996374130249e-02
7.810000000000000000e+02,2.126303297700360417e-04,3.410820383578538895e-03,1.511006802320480347e-02
7.820000000000000000e+02,2.203417534474283457e-04,3.498303471133112907e-03,1.557040214538574219e-02
7.830000000000000000e+02,2.095263480441644788e-04,3.369598183780908585e-03,1.528101507574319839e-02
7.840000000000000000e+02,1.814593415474519134e-04,2.942563034594058990e-03,1.284712180495262146e-02
7.850000000000000000e+02,1.488765556132420897e-04,2.337335608899593353e-03,9.763937443494796753e-03
7.860000000000000000e+02,1.121805325965397060e-04,1.845523016527295113e-03,7.219806313514709473e-03
7.870000000000000000e+02,8.720497862668707967e-05,1.460672123357653618e-03,5.379993002861738205e-03
7.880000000000000000e+02,7.119752262951806188e-05,1.249308581463992596e-03,4.210656508803367615e-03
7.890000000000000000e+02,6.021007720846682787e-05,9.785032598301768303e-04,3.769321367144584656e-03
7.900000000000000000e+02,5.195524863665923476e-05,8.994141826406121254e-04,3.150592092424631119e-03
7.910000000000000000e+02,5.014436464989557862e-05,7.627294398844242096e-04,2.891789423301815987e-03
7.920000000000000000e+02,4.171597538515925407e-05,7.183437701314687729e-04,2.688179723918437958e-03
7.930000000000000000e+02,3.702234971569851041e-05,6.625519599765539169e-04,2.302529290318489075e-03
7.940000000000000000e+02,3.503781408653594553e-05,6.208590930327773094e-04,1.979240449145436287e-03
7.950000000000000000e+02,3.390439451322890818e-05,5.793060408905148506e-04,2.021131571382284164e-03
7.960000000000000000e+02,3.151876444462686777e-05,5.352277657948434353e-04,1.837269286625087261e-03
7.970000000000000000e+02,3.103033668594434857e-05,5.211934330873191357e-04,1.930440543219447136e-03
7.980000000000000000e+02,2.983012745971791446e-05,5.024719866923987865e-04,1.683092792518436909e-03
7.990000000000000000e+02,2.120279168593697250e-05,3.180201456416398287e-04,1.509759458713233471e-03
8.000000000000000000e+02,1.315138251811731607e-05,2.709373948164284229e-04,8.225866477005183697e-04
8.010000000000000000e+02,1.794575655367225409e-05,3.371649072505533695e-04,7.247949251905083656e-04
8.020000000000000000e+02,2.240848152723629028e-05,4.178512026555836201e-04,1.093342085368931293e-03
8.030000000000000000e+02,2.900691652030218393e-05,5.067909951321780682e-04,1.473259995691478252e-03
8.040000000000000000e+02,3.474726690910756588e-05,6.452354718931019306e-04,1.844116137363016605e-03
8.050000000000000000e+02,4.379555321065708995e-05,7.579511147923767567e-04,2.377382479608058929e-03
8.060000000000000000e+02,4.901648935629054904e-05,8.204815676435828209e-04,2.454460132867097855e-03
8.070000000000000000e+02,5.688942110282368958e-05,1.001060474663972855e-03,2.909091301262378693e-03
8.080000000000000000e+02,7.390653627226129174e-05,1.315134461037814617e-03,4.379749763756990433e-03
8.090000000000000000e+02,1.042675139615312219e-04,1.786128734238445759e-03,6.522938143461942673e-03
8.100000000000000000e+02,1.370962563669309020e-04,2.492327941581606865e-03,8.736519142985343933e-03
8.110000000000000000e+02,1.817472075344994664e-04,3.094718558713793755e-03,1.241265889257192612e-02
8.120000000000000000e+02,2.028938324656337500e-04,3.356695640832185745e-03,1.364564336836338043e-02
8.130000000000000000e+02,2.232198894489556551e-04,3.634192282333970070e-03,1.519351731985807419e-02
8.140000000000000000e+02,2.437749208183959126e-04,3.948548808693885803e-03,1.623418927192687988e-02
8.150000000000000000e+02,2.389068395132198930e-04,3.781131235882639885e-03,1.628962531685829163e-02
8.160000000000000000e+02,2.064818545477464795e-04,3.257052740082144737e-03,1.391137577593326569e-02
8.170000000000000000e+02,1.602046395419165492e-04,2.552985213696956635e-03,1.070817746222019196e-02
8.180000000000000000e+02,1.233602233696728945e-04,1.898730639368295670e-03,7.861670106649398804e-03
8.190000000000000000e+02,9.188338299281895161e-05,1.480644219554960728e-03,5.978318396955728531e-03
8.200000000000000000e+02,7.268513581948354840e-05,1.183692831546068192e-03,4.370176699012517929e-03
8.210000000000000000e+02,6.224052049219608307e-05,1.037171692587435246e-03,3.441931214183568954e-03
8.220000000000000000e+02,5.635796333081088960e-05,9.030444198288023472e-04,3.164727939292788506e-03
8.230000000000000000e+02,5.187223723623901606e-05,8.557637920603156090e-04,2.846693620085716248e-03
8.240000000000000000e+02,4.639489270630292594e-05,7.657568203285336494e-04,2.466187812387943268e-03
8.250000000000000000e+02,4.475516834645532072e-05,6.783998687751591206e-04,2.324222587049007416e-03
8.260000000000000000e+02,3.919529262930154800e-05,6.362893618643283844e-04,2.068722620606422424e-03
8.270000000000000000e+02,3.649523932836018503e-05,5.773640004917979240e-04,2.013653982430696487e-03
8.280000000000000000e+02,3.209734131814911962e-05,5.408003344200551510e-04,1.860801246948540211e-03
8.290000000000000000e+02,3.268955333624035120e-05,5.298895994201302528e-04,1.809614012017846107e-03
8.300000000000000000e+02,2.896310070354957134e-05,5.018502124585211277e-04,1.705641509033739567e-03
8.310000000000000000e+02,2.105834028043318540e-05,3.326816658955067396e-04,1.604986144229769707e-03
8.320000000000000000e+02,1.461119609302841127e-05,2.889780735131353140e-04,9.066342609003186226e-04
8.330000000000000000e+02,2.107309592247474939e-05,3.650426806416362524e-04,7.438714965246617794e-04
8.340000000000000000e+02,2.579531974333804101e-05,4.434747097548097372e-04,9.936080314218997955e-04
8.350000000000000000e+02,3.201515937689691782e-05,5.490125040523707867e-04,1.357151311822235584e-03
8.360000000000000000e+02,4.071880539413541555e-05,6.934512639418244362e-04,2.027193550020456314e-03
8.370000000000000000e+02,4.789767626789398491e-05,7.651065243408083916e-04,2.116379560902714729e-03
8.380000000000000000e+02,5.463931665872223675e-05,9.545812499709427357e-04,2.833153121173381805e-03
8.390000000000000000e+02,6.447527266573160887e-05,1.141545129939913750e-03,3.299691481515765190e-03
8.400000000000000000e+02,9.045458136824890971e-05,1.518246950581669807e-03,4.734765738248825073e-03
8.410000000000000000e+02,1.145251881098374724e-04,2.026550704613327980e-03,7.101448252797126770e-03
8.420000000000000000e+02,1.523991813883185387e-04,2.425451530143618584e-03,9.847924113273620605e-03
8.430000000000000000e+02,1.926827681018039584e-04,3.215602133423089981e-03,1.251942664384841919e-02
8.440000000000000000e+02,2.113993250532075763e-04,3.512957366183400154e-03,1.442415174096822739e-02
8.450000000000000000e+02,2.463151759002357721e-04,3.929160069674253464e-03,1.620109751820564270e-02
8.460000000000000000e+02,2.503448049537837505e-04,4.158620722591876984e-03,1.782113872468471527e-02
8.470000000000000000e+02,2.538392436690628529e-04,4.056385252624750137e-03,1.824949309229850769e-02
8.480000000000000000e+02,2.227607183158397675e-04,3.548340871930122375e-03,1.536789815872907639e-02
8.490000000000000000e+02,1.908197882585227489e-04,2.925280947238206863e-03,1.235215086489915848e-02
8.500000000000000000e+02,1.404485665261745453e-04,2.215205691754817963e-03,8.678466081619262695e-03
8.510000000000000000e+02,1.114073384087532759e-04,1.761123421601951122e-03,6.744085345417261124e-03
8.520000000000000000e+02,8.386446279473602772e-05,1.332111423835158348e-03,4.580667708069086075e-03
8.530000000000000000e+02,6.768888852093368769e-05,1.073681982234120369e-03,3.677175147458910942e-03
8.540000000000000000e+02,6.032487362972460687e-05,9.973822161555290222e-04,3.048683749511837959e-03
8.550000000000000000e+02,5.433234036900103092e-05,8.747839019633829594e-04,2.785940188914537430e-03
8.560000000000000000e+02,4.824187271879054606e-05,7.912651635706424713e-04,2.408578526228666306e-03
8.570000000000000000e+02,4.237169559928588569e-05,7.242529536597430706e-04,2.401591744273900986e-03
8.580000000000000000e+02,4.183804776403121650e-05,6.859063869342207909e-04,2.457259222865104675e-03
8.590000000000000000e+02,4.025084854220040143e-05,6.311874021776020527e-04,2.150737913325428963e-03
8.600000000000000000e+02,3.704198752529919147e-05,6.289966986514627934e-04,2.074209274724125862e-03
8.610000000000000000e+02,3.579171971068717539e-05,5.911023472435772419e-04,1.875389600172638893e-03
8.620000000000000000e+02,3.334120629006065428e-05,5.305149825289845467e-04,1.726396963931620121e-03
8.630000000000000000e+02,2.613340075185988098e-05,3.693653852678835392e-04,1.557007315568625927e-03
8.640000000000000000e+02,1.472080930398078635e-05,2.990753273479640484e-04,9.784707799553871155e-04
8.650000000000000000e+02,2.031856456596869975e-05,3.836003597825765610e-04,7.726879557594656944e-04
8.660000000000000000e+02,2.686964216991327703e-05,4.884774098172783852e-04,1.141193555667996407e-03
8.670000000000000000e+02,3.198142439941875637e-05,5.932631320320069790e-04,1.585905789397656918e-03
8.680000000000000000e+02,3.934951746487058699e-05,6.951908580958843231e-04,2.028413582593202591e-03
8.690000000000000000e+02,4.622564301826059818e-05,8.976439130492508411e-04,2.619517967104911804e-03
8.700000000000000000e+02,5.747077739215455949e-05,1.034168177284300327e-03,3.324578981846570969e-03
8.710000000000000000e+02,6.885651964694261551e-05,1.243345206603407860e-03,4.179910290986299515e-03
8.720000000000000000e+02,9.131475962931290269e-05,1.620101043954491615e-03,5.743937566876411438e-03
8.730000000000000000e+02,1.169839233625680208e-04,2.094752853736281395e-03,8.179685100913047791e-03
8.740000000000000000e+02,1.594086643308401108e-04,2.747868187725543976e-03,1.040736958384513855e-02
8.750000000000000000e+02,1.987139403354376554e-04,3.308179089799523354e-03,1.367612648755311966e-02
8.760000000000000000e+02,2.233803679700940847e-04,3.648390760645270348e-03,1.541143562644720078e-02
8.770000000000000000e+02,2.574031532276421785e-04,4.197144880890846252e-03,1.795461028814315796e-02
8.780000000000000000e+02,2.674614661373198032e-04,4.378336481750011444e-03,1.889519207179546356e-02
8.790000000000000000e+02,2.675307623576372862e-04,4.327905829995870590e-03,1.930816099047660828e-02
8.800000000000000000e+02,2.378360222792252898e-04,3.894535591825842857e-03,1.671204902231693268e-02
8.810000000000000000e+02,1.961869857041165233e-04,3.179081249982118607e-03,1.424547843635082245e-02
8.820000000000000000e+02,1.578694791533052921e-04,2.411835594102740288e-03,1.051615551114082336e-02
8.830000000000000000e+02,1.099714500014670193e-04,1.795835094526410103e-03,7.540699560195207596e-03
8.840000000000000000e+02,8.721693302504718304e-05,1.480781589634716511e-03,5.112471058964729309e-03
8.850000000000000000e+02,7.144482515286654234e-05,1.154960016719996929e-03,3.680734196677803993e-03
8.860000000000000000e+02,6.299082451732829213e-05,1.033177482895553112e-03,3.667399520054459572e-03
8.870000000000000000e+02,5.513950964086689055e-05,9.296440402977168560e-04,3.139082342386245728e-03
8.880000000000000000e+02,5.006635183235630393e-05,8.375191828235983849e-04,2.969018882140517235e-03
8.890000000000000000e+02,4.600596730597317219e-05,7.745225448161363602e-04,2.602350199595093727e-03
8.900000000000000000e+02,4.518642526818439364e-05,7.213932694867253304e-04,2.542872680351138115e-03
8.910000000000000000e+02,4.017407627543434501e-05,7.009282708168029785e-04,2.391000976786017418e-03
8.920000000000000000e+02,4.085308682988397777e-05,6.499613518826663494e-04,2.342853695154190063e-03
8.930000000000000000e+02,3.614824527176097035e-05,6.285025156103074551e-04,2.046215813606977463e-03
8.940000000000000000e+02,3.626176476245746017e-05,6.173791480250656605e-04,1.985033741220831871e-03
8.950000000000000000e+02,2.742850665526930243e-05,3.877149138133972883e-04,1.808223780244588852e-03
8.960000000000000000e+02,1.600639188836794347e-05,3.214752359781414270e-04,1.038796734064817429e-03
8.970000000000000000e+02,2.216906250396277755e-05,3.997996100224554539e-04,8.336294558830559254e-04
8.980000000000000000e+02,2.752476575551554561e-05,4.916994948871433735e-04,1.195004209876060486e-03
8.990000000000000000e+02,3.406959876883774996e-05,5.955391097813844681e-04,1.685492577962577343e-03
9.000000000000000000e+02,4.349750815890729427e-05,7.591381436213850975e-04,2.213484374806284904e-03
9.010000000000000000e+02,5.266130392556078732e-05,9.426626493223011494e-04,2.752351341769099236e-03
9.020000000000000000e+02,6.337740342132747173e-05,1.094566425308585167e-03,3.543365513905882835e-03
9.030000000000000000e+02,7.625378930242732167e-05,1.326992874965071678e-03,4.150907974690198898e-03
9.040000000000000000e+02,1.059062487911432981e-04,1.847636536695063114e-03,6.213982123881578445e-03
9.050000000000000000e+02,1.301230804529041052e-04,2.411321969702839851e-03,8.198458701372146606e-03
9.060000000000000000e+02,1.786320790415629745e-04,2.785924589261412621e-03,1.175319217145442963e-02
9.070000000000000000e+02,2.000532695092260838e-04,3.491038223728537560e-03,1.352646760642528534e-02
9.080000000000000000e+02,2.396266499999910593e-04,4.204975441098213196e-03,1.672707125544548035e-02
9.090000000000000000e+02,2.796723274514079094e-04,4.553022328764200211e-03,1.835944689810276031e-02
9.100000000000000000e+02,2.900113177020102739e-04,4.879998043179512024e-03,2.081811241805553436e-02
9.110000000000000000e+02,2.973928931169211864e-04,4.670856054872274399e-03,1.999617926776409149e-02
9.120000000000000000e+02,2.523084986023604870e-04,4.036688711494207382e-03,1.840714178979396820e-02
9.130000000000000000e+02,2.045157743850722909e-04,3.351405728608369827e-03,1.494212541729211807e-02
9.140000000000000000e+02,1.553973415866494179e-04,2.544638002291321754e-03,1.127115171402692795e-02
9.150000000000000000e+02,1.202500498038716614e-04,1.935604726895689964e-03,8.024316281080245972e-03
9.160000000000000000e+02,9.229533316101878881e-05,1.507336157374083996e-03,5.564798600971698761e-03
9.170000000000000000e+02,7.768484647385776043e-05,1.214546384289860725e-03,4.164643120020627975e-03
9.180000000000000000e+02,6.542158371303230524e-05,1.072075916454195976e-03,3.758435836061835289e-03
9.190000000000000000e+02,5.951612183707766235e-05,1.010852050967514515e-03,3.336709225550293922e-03
9.200000000000000000e+02,5.611032975139096379e-05,9.479926666244864464e-04,3.327263053506612778e-03
9.210000000000000000e+02,5.090824561193585396e-05,8.632622193545103073e-04,2.952546579763293266e-03
9.220000000000000000e+02,4.905073728878051043e-05,8.272234117612242699e-04,2.925070468336343765e-03
9.230000000000000000e+02,4.490800347412005067e-05,7.798065780662000179e-04,2.700519980862736702e-03
9.240000000000000000e+02,4.481496944208629429e-05,7.581135141663253307e-04,2.748811617493629456e-03
9.250000000000000000e+02,4.246478056302294135e-05,7.116110064089298248e-04,2.411146648228168488e-03
9.260000000000000000e+02,4.142937177675776184e-05,6.399623816832900047e-04,2.493014559149742126e-03
9.270000000000000000e+02,3.018837014678865671e-05,4.306932678446173668e-04,2.166065620258450508e-03
9.280000000000000000e+02,1.628499921935144812e-05,3.278458607383072376e-04,1.032153493724763393e-03
9.290000000000000000e+02,2.211189348599873483e-05,4.183248092886060476e-04,8.557534310966730118e-04
9.300000000000000000e+02,2.834775114024523646e-05,5.329134874045848846e-04,1.262962119653820992e-03
9.310000000000000000e+02,3.606202517403289676e-05,6.204314995557069778e-04,1.634326996281743050e-03
9.320000000000000000e+02,4.395859650685451925e-05,7.624198333360254765e-04,2.232658909633755684e-03
9.330000000000000000e+02,5.683438939740881324e-05,9.135357686318457127e-04,2.845454961061477661e-03
9.340000000000000000e+02,6.625063542742282152e-05,1.113961683586239815e-03,3.648030804470181465e-03
9.350000000000000000e+02,7.419418398058041930e-05,1.347561483271420002e-03,3.993563354015350342e-03
9.360000000000000000e+02,1.018078182823956013e-04,1.763160456903278828e-03,5.801714491099119186e-03
9.370000000000000000e+02,1.329477963736280799e-04,2.305524423718452454e-03,7.546253036707639694e-03
9.380000000000000000e+02,1.745369227137416601e-04,3.040754469111561775e-03,1.165792811661958694e-02
9.390000000000000000e+02,2.241850597783923149e-04,3.649710910394787788e-03,1.548147480934858322e-02
9.400000000000000000e+02,2.612446260172873735e-04,4.321139771491289139e-03,1.750599220395088196e-02
9.410000000000000000e+02,2.958432014565914869e-04,4.811809398233890533e-03,2.069214358925819397e-02
9.420000000000000000e+02,3.016252012457698584e-04,4.913274664431810379e-03,2.117716521024703979e-02
9.430000000000000000e+02,2.921339764725416899e-04,4.902529995888471603e-03,2.222512103617191315e-02
9.440000000000000000e+02,2.531992795411497355e-04,4.276836756616830826e-03,1.893182843923568726e-02
9.450000000000000000e+02,2.068253961624577641e-04,3.440048079937696457e-03,1.422411482781171799e-02
9.460000000000000000e+02,1.659395638853311539e-04,2.706012688577175140e-03,1.121622510254383087e-02
9.470000000000000000e+02,1.243668812094256282e-04,2.072894712910056114e-03,7.637318689376115799e-03
9.480000000000000000e+02,1.023387230816297233e-04,1.707959221675992012e-03,5.830551031976938248e-03
9.490000000000000000e+02,8.194664405891671777e-05,1.404250157065689564e-03,4.984218161553144455e-03
9.500000000000000000e+02,7.307796477107331157e-05,1.236737822182476521e-03,4.188629332929849625e-03
9.510000000000000000e+02,6.212360312929376960e-05,1.140110893175005913e-03,3.745952155441045761e-03
9.520000000000000000e+02,6.220294017111882567e-05,1.038954709656536579e-03,3.607319900766015053e-03
9.530000000000000000e+02,5.698099994333460927e-05,8.979086414910852909e-04,3.389169229194521904e-03
9.540000000000000000e+02,5.224709821050055325e-05,8.862415561452507973e-04,3.214055905118584633e-03
9.550000000000000000e+02,5.217104262555949390e-05,8.259185706265270710e-04,3.031674772500991821e-03
9.560000000000000000e+02,4.693627852248027921e-05,8.032060577534139156e-04,2.861708402633666992e-03
9.570000000000000000e+02,4.811540202354080975e-05,7.490144344046711922e-04,2.931911032646894455e-03
9.580000000000000000e+02,4.360370803624391556e-05,7.294869283214211464e-04,2.685405081138014793e-03
9.590000000000000000e+02,3.450764779699966311e-05,4.859439795836806297e-04,2.333624055609107018e-03
9.600000000000000000e+02,1.663257535255979747e-05,3.555530274752527475e-04,1.094186911359429359e-03
9.610000000000000000e+02,2.396766285528428853e-05,4.515125474426895380e-04,9.259831858798861504e-04
9.620000000000000000e+02,3.085322168772108853e-05,5.573043017648160458e-04,1.317485584877431393e-03
9.630000000000000000e+02,3.667198325274512172e-05,6.694920011796057224e-04,1.813367591239511967e-03
9.640000000000000000e+02,4.644389991881325841e-05,8.378337952308356762e-04,2.336086472496390343e-03
9.650000000000000000e+02,5.416106432676315308e-05,9.938426082953810692e-04,3.146449336782097816e-03
9.660000000000000000e+02,6.669466529274359345e-05,1.207712455652654171e-03,3.681025002151727676e-03
9.670000000000000000e+02,7.409320824081078172e-05,1.362195936962962151e-03,4.248965065926313400e-03
9.680000000000000000e+02,9.425631287740543485e-05,1.819646451622247696e-03,5.478559993207454681e-03
9.690000000000000000e+02,1.304756005993112922e-04,2.440394368022680283e-03,8.213239721953868866e-03
9.700000000000000000e+02,1.799914170987904072e-04,3.136875573545694351e-03,1.106359437108039856e-02
9.710000000000000000e+02,2.339019993087276816e-04,3.912991844117641449e-03,1.607051305472850800e-02
9.720000000000000000e+02,2.663234190549701452e-04,4.702026490122079849e-03,1.907726936042308807e-02
9.730000000000000000e+02,3.014839021489024162e-04,5.107238423079252243e-03,2.169251255691051483e-02
9.740000000000000000e+02,3.189168928656727076e-04,5.336367990821599960e-03,2.341414242982864380e-02
9.750000000000000000e+02,3.282665857113897800e-04,5.082430783659219742e-03,2.235544472932815552e-02
9.760000000000000000e+02,2.659437013790011406e-04,4.319661296904087067e-03,1.871900632977485657e-02
9.770000000000000000e+02,2.201835595769807696e-04,3.415290033444762230e-03,1.447555888444185257e-02
9.780000000000000000e+02,1.746053021633997560e-04,2.665205160155892372e-03,1.111169438809156418e-02
9.790000000000000000e+02,1.320198643952608109e-04,2.208260586485266685e-03,7.913310080766677856e-03
9.800000000000000000e+02,1.102100140997208655e-04,1.715856022201478481e-03,6.628312636166810989e-03
9.810000000000000000e+02,9.039554424816742539e-05,1.472074189223349094e-03,5.107030738145112991e-03
9.820000000000000000e+02,7.668849866604432464e-05,1.185347675345838070e-03,4.741231445223093033e-03
9.830000000000000000e+02,6.799116818001493812e-05,1.103488029912114143e-03,3.792988834902644157e-03
9.840000000000000000e+02,6.191529973875731230e-05,1.075820880942046642e-03,3.836291376501321793e-03
9.850000000000000000e+02,6.271948223002254963e-05,9.831847855821251869e-04,3.743511624634265900e-03
9.860000000000000000e+02,5.935739682172425091e-05,9.551235707476735115e-04,3.232873510569334030e-03
9.870000000000000000e+02,5.450317257782444358e-05,8.781682699918746948e-04,3.177348291501402855e-03
9.880000000000000000e+02,4.791711398866027594e-05,8.561689755879342556e-04,3.327583661302924156e-03
9.890000000000000000e+02,5.071908526588231325e-05,8.260477916337549686e-04,3.189731622114777565e-03
9.900000000000000000e+02,4.806111974176019430e-05,8.014337508939206600e-04,2.908089663833379745e-03
9.910000000000000000e+02,3.545093568391166627e-05,5.285646184347569942e-04,2.593072131276130676e-03
9.920000000000000000e+02,1.475104545534122735e-05,2.407824213150888681e-04,8.601158042438328266e-04
9.930000000000000000e+02,2.161564043490216136e-05,3.538753080647438765e-04,8.329947013407945633e-04
9.940000000000000000e+02,2.509514160919934511e-05,4.308873903937637806e-04,1.069149933755397797e-03
9.950000000000000000e+02,3.289548112661577761e-05,5.216441350057721138e-04,1.490461640059947968e-03
9.960000000000000000e+02,3.772502168430946767e-05,6.547112134285271168e-04,1.940042828209698200e-03
9.970000000000000000e+02,4.557350985123775899e-05,7.587398285977542400e-04,2.539501292631030083e-03
9.980000000000000000e+02,5.294405491440556943e-05,8.944233413785696030e-04,2.824030118063092232e-03
9.990000000000000000e+02,6.305159331532195210e-05,1.030198996886610985e-03,3.171039978042244911e-03
1.000000000000000000e+03,7.713818195043131709e-05,1.337265246547758579e-03,4.649678245186805725e-03
1.001000000000000000e+03,1.071232691174373031e-04,1.764600980095565319e-03,6.261622998863458633e-03
1.002000000000000000e+03,1.483816740801557899e-04,2.399540273472666740e-03,9.224930778145790100e-03
1.003000000000000000e+03,1.805721112759783864e-04,2.997696166858077049e-03,1.259770337492227554e-02
1.004000000000000000e+03,2.281539054820314050e-04,3.654140047729015350e-03,1.557409763336181641e-02
1.005000000000000000e+03,2.524866722524166107e-04,4.019679501652717590e-03,1.755280047655105591e-02
1.006000000000000000e+03,2.654201525729149580e-04,4.177337512373924255e-03,1.942115463316440582e-02
1.007000000000000000e+03,2.498261746950447559e-04,4.114621784538030624e-03,1.876259781420230865e-02
1.008000000000000000e+03,2.168361825169995427e-04,3.696897532790899277e-03,1.619377732276916504e-02
1.009000000000000000e+03,1.780690363375470042e-04,2.820930443704128265e-03,1.297079306095838547e-02
1.010000000000000000e+03,1.364001800538972020e-04,2.155106980353593826e-03,9.366407990455627441e-03
1.011000000000000000e+03,1.137509098043665290e-04,1.798927783966064453e-03,7.428164128214120865e-03
1.012000000000000000e+03,9.059037984116002917e-05,1.485037617385387421e-03,5.883523263037204742e-03
1.013000000000000000e+03,7.465087401214987040e-05,1.241269288584589958e-03,4.697929136455059052e-03
1.014000000000000000e+03,6.550470425281673670e-05,9.997809538617730141e-04,4.058565478771924973e-03
1.015000000000000000e+03,5.900317046325653791e-05,9.438345441594719887e-04,3.557292511686682701e-03
1.016000000000000000e+03,5.546812099055387080e-05,8.745962404645979404e-04,3.328512422740459442e-03
1.017000000000000000e+03,5.058142778580076993e-05,8.330764248967170715e-04,3.246120410040020943e-03
1.018000000000000000e+03,4.834567880607210100e-05,8.202657336369156837e-04,3.201062092557549477e-03
1.019000000000000000e+03,4.704230741481296718e-05,7.496385951526463032e-04,2.971158595755696297e-03
1.020000000000000000e+03,4.179001552984118462e-05,7.187049486674368382e-04,2.772741718217730522e-03
1.021000000000000000e+03,4.173071283730678260e-05,6.612569559365510941e-04,2.575132995843887329e-03
1.022000000000000000e+03,4.049807830597274005e-05,6.888933712616562843e-04,2.584022004157304764e-03
1.023000000000000000e+03,3.134187136311084032e-05,4.334142722655087709e-04,2.320786472409963608e-03
